global_q,page,section_q,modality,llm_only_correct,precision_correct,deterministic_label,evidence_status,evidence_source,comparison,blocking_reasons,chosen_option,question_crop_path,option_crop_paths,green_fractions,question_text_short
1,1,1,text_only,4,4,4,PASS_WITH_EVIDENCE,rgb_hsv_option_crop,same_auto_accepted,,1,C:\experiments\ssc\extraction_batch\tier1_gemini\2019_tier1_prepp_shift1\assets\question_crops\2019_tier1_prepp_shift1_p01_q001_question.png,C:\experiments\ssc\extraction_batch\tier1_gemini\2019_tier1_prepp_shift1\assets\question_crops\2019_tier1_prepp_shift1_p01_q001_opt_1_option.png;C:\experiments\ssc\extraction_batch\tier1_gemini\2019_tier1_prepp_shift1\assets\question_crops\2019_tier1_prepp_shift1_p01_q001_opt_2_option.png;C:\experiments\ssc\extraction_batch\tier1_gemini\2019_tier1_prepp_shift1\assets\question_crops\2019_tier1_prepp_shift1_p01_q001_opt_3_option.png;C:\experiments\ssc\extraction_batch\tier1_gemini\2019_tier1_prepp_shift1\assets\question_crops\2019_tier1_prepp_shift1_p01_q001_opt_4_option.png,1:0.00032;2:0.00103;3:0.00100;4:0.00854,Select the set of letters that when sequentially placed in the blanks of the given letter series will complete the series. k_lmml_mk_mmk_lkkl_m
2,1,2,text_only,4,4,4,PASS_WITH_EVIDENCE,rgb_hsv_option_crop,same_auto_accepted,,4,C:\experiments\ssc\extraction_batch\tier1_gemini\2019_tier1_prepp_shift1\assets\question_crops\2019_tier1_prepp_shift1_p01_q002_question.png,C:\experiments\ssc\extraction_batch\tier1_gemini\2019_tier1_prepp_shift1\assets\question_crops\2019_tier1_prepp_shift1_p01_q002_opt_1_option.png;C:\experiments\ssc\extraction_batch\tier1_gemini\2019_tier1_prepp_shift1\assets\question_crops\2019_tier1_prepp_shift1_p01_q002_opt_2_option.png;C:\experiments\ssc\extraction_batch\tier1_gemini\2019_tier1_prepp_shift1\assets\question_crops\2019_tier1_prepp_shift1_p01_q002_opt_3_option.png;C:\experiments\ssc\extraction_batch\tier1_gemini\2019_tier1_prepp_shift1\assets\question_crops\2019_tier1_prepp_shift1_p01_q002_opt_4_option.png,1:0.00006;2:0.00002;3:0.00000;4:0.00818,Arrange the following words in the order in which they appear in an English dictionary. 1. Rightly 2. Rigidly 3. Righteous 4. Rigour 5. Rights
3,2,3,visual_options,3,3,3,PASS_WITH_EVIDENCE,rgb_hsv_option_crop,same_auto_accepted,,3,C:\experiments\ssc\extraction_batch\tier1_gemini\2019_tier1_prepp_shift1\assets\question_crops\2019_tier1_prepp_shift1_p02_q003_question.png,C:\experiments\ssc\extraction_batch\tier1_gemini\2019_tier1_prepp_shift1\assets\question_crops\2019_tier1_prepp_shift1_p02_q003_opt_1_option.png;C:\experiments\ssc\extraction_batch\tier1_gemini\2019_tier1_prepp_shift1\assets\question_crops\2019_tier1_prepp_shift1_p02_q003_opt_2_option.png;C:\experiments\ssc\extraction_batch\tier1_gemini\2019_tier1_prepp_shift1\assets\question_crops\2019_tier1_prepp_shift1_p02_q003_opt_3_option.png;C:\experiments\ssc\extraction_batch\tier1_gemini\2019_tier1_prepp_shift1\assets\question_crops\2019_tier1_prepp_shift1_p02_q003_opt_4_option.png,1:0.00001;2:0.00000;3:0.00466;4:0.00000,Select the figure that can replace the question mark (?) in the following series.
4,2,4,text_only,1,1,1,PASS_WITH_EVIDENCE,rgb_hsv_option_crop,same_auto_accepted,,1,C:\experiments\ssc\extraction_batch\tier1_gemini\2019_tier1_prepp_shift1\assets\question_crops\2019_tier1_prepp_shift1_p02_q004_question.png,C:\experiments\ssc\extraction_batch\tier1_gemini\2019_tier1_prepp_shift1\assets\question_crops\2019_tier1_prepp_shift1_p02_q004_opt_1_option.png;C:\experiments\ssc\extraction_batch\tier1_gemini\2019_tier1_prepp_shift1\assets\question_crops\2019_tier1_prepp_shift1_p02_q004_opt_2_option.png;C:\experiments\ssc\extraction_batch\tier1_gemini\2019_tier1_prepp_shift1\assets\question_crops\2019_tier1_prepp_shift1_p02_q004_opt_3_option.png;C:\experiments\ssc\extraction_batch\tier1_gemini\2019_tier1_prepp_shift1\assets\question_crops\2019_tier1_prepp_shift1_p02_q004_opt_4_option.png,1:0.00931;2:0.00025;3:0.00003;4:0.00000,Study the given pattern carefully and select the number that can replace the question mark (?) in it. 6 21 14 40 500 ? 8 25 7
5,2,5,text_only,4,4,4,PASS_WITH_EVIDENCE,rgb_hsv_option_crop,same_auto_accepted,,1,C:\experiments\ssc\extraction_batch\tier1_gemini\2019_tier1_prepp_shift1\assets\question_crops\2019_tier1_prepp_shift1_p02_q005_question.png,C:\experiments\ssc\extraction_batch\tier1_gemini\2019_tier1_prepp_shift1\assets\question_crops\2019_tier1_prepp_shift1_p02_q005_opt_1_option.png;C:\experiments\ssc\extraction_batch\tier1_gemini\2019_tier1_prepp_shift1\assets\question_crops\2019_tier1_prepp_shift1_p02_q005_opt_2_option.png;C:\experiments\ssc\extraction_batch\tier1_gemini\2019_tier1_prepp_shift1\assets\question_crops\2019_tier1_prepp_shift1_p02_q005_opt_3_option.png;C:\experiments\ssc\extraction_batch\tier1_gemini\2019_tier1_prepp_shift1\assets\question_crops\2019_tier1_prepp_shift1_p02_q005_opt_4_option.png,1:0.00085;2:0.00000;3:0.00008;4:0.00909,"Four words have been given, out of which three are alike in some manner, while one is different. Select the odd word."
6,3,6,visual_options,1,1,1,PASS_WITH_EVIDENCE,rgb_hsv_option_crop,same_auto_accepted,,1,C:\experiments\ssc\extraction_batch\tier1_gemini\2019_tier1_prepp_shift1\assets\question_crops\2019_tier1_prepp_shift1_p03_q006_question.png,C:\experiments\ssc\extraction_batch\tier1_gemini\2019_tier1_prepp_shift1\assets\question_crops\2019_tier1_prepp_shift1_p03_q006_opt_1_option.png;C:\experiments\ssc\extraction_batch\tier1_gemini\2019_tier1_prepp_shift1\assets\question_crops\2019_tier1_prepp_shift1_p03_q006_opt_2_option.png;C:\experiments\ssc\extraction_batch\tier1_gemini\2019_tier1_prepp_shift1\assets\question_crops\2019_tier1_prepp_shift1_p03_q006_opt_3_option.png;C:\experiments\ssc\extraction_batch\tier1_gemini\2019_tier1_prepp_shift1\assets\question_crops\2019_tier1_prepp_shift1_p03_q006_opt_4_option.png,1:0.00385;2:0.00000;3:0.00000;4:0.00000,The sequence of folding a piece of paper and the manner in which the folded paper has been cut is shown in the following figures. How would this paper look when unfolded?
7,3,7,text_only,3,3,3,PASS_WITH_EVIDENCE,rgb_hsv_option_crop,same_auto_accepted,,3,C:\experiments\ssc\extraction_batch\tier1_gemini\2019_tier1_prepp_shift1\assets\question_crops\2019_tier1_prepp_shift1_p03_q007_question.png,C:\experiments\ssc\extraction_batch\tier1_gemini\2019_tier1_prepp_shift1\assets\question_crops\2019_tier1_prepp_shift1_p03_q007_opt_1_option.png;C:\experiments\ssc\extraction_batch\tier1_gemini\2019_tier1_prepp_shift1\assets\question_crops\2019_tier1_prepp_shift1_p03_q007_opt_2_option.png;C:\experiments\ssc\extraction_batch\tier1_gemini\2019_tier1_prepp_shift1\assets\question_crops\2019_tier1_prepp_shift1_p03_q007_opt_3_option.png;C:\experiments\ssc\extraction_batch\tier1_gemini\2019_tier1_prepp_shift1\assets\question_crops\2019_tier1_prepp_shift1_p03_q007_opt_4_option.png,1:0.00023;2:0.00000;3:0.01312;4:0.00048,Select the option that is related to the third number in the same way as the second number is related to the first number and the sixth number is related to the fifth number. 12 : 
8,4,8,visual_stimulus,1,1,1,PASS_WITH_EVIDENCE,rgb_hsv_option_crop,same_auto_accepted,,1,C:\experiments\ssc\extraction_batch\tier1_gemini\2019_tier1_prepp_shift1\assets\question_crops\2019_tier1_prepp_shift1_p04_q008_question.png,C:\experiments\ssc\extraction_batch\tier1_gemini\2019_tier1_prepp_shift1\assets\question_crops\2019_tier1_prepp_shift1_p04_q008_opt_1_option.png;C:\experiments\ssc\extraction_batch\tier1_gemini\2019_tier1_prepp_shift1\assets\question_crops\2019_tier1_prepp_shift1_p04_q008_opt_2_option.png;C:\experiments\ssc\extraction_batch\tier1_gemini\2019_tier1_prepp_shift1\assets\question_crops\2019_tier1_prepp_shift1_p04_q008_opt_3_option.png;C:\experiments\ssc\extraction_batch\tier1_gemini\2019_tier1_prepp_shift1\assets\question_crops\2019_tier1_prepp_shift1_p04_q008_opt_4_option.png,1:0.01063;2:0.00000;3:0.00000;4:0.00002,"The given Venn diagram represents employees in an organisation: The triangle represents executives, the circle represents females, the rectangle represents MBAs and the square repr"
9,4,9,math_formula,3,3,3,PASS_WITH_EVIDENCE,rgb_hsv_option_crop,same_auto_accepted,,3,C:\experiments\ssc\extraction_batch\tier1_gemini\2019_tier1_prepp_shift1\assets\question_crops\2019_tier1_prepp_shift1_p04_q009_question.png,C:\experiments\ssc\extraction_batch\tier1_gemini\2019_tier1_prepp_shift1\assets\question_crops\2019_tier1_prepp_shift1_p04_q009_opt_1_option.png;C:\experiments\ssc\extraction_batch\tier1_gemini\2019_tier1_prepp_shift1\assets\question_crops\2019_tier1_prepp_shift1_p04_q009_opt_2_option.png;C:\experiments\ssc\extraction_batch\tier1_gemini\2019_tier1_prepp_shift1\assets\question_crops\2019_tier1_prepp_shift1_p04_q009_opt_3_option.png;C:\experiments\ssc\extraction_batch\tier1_gemini\2019_tier1_prepp_shift1\assets\question_crops\2019_tier1_prepp_shift1_p04_q009_opt_4_option.png,1:0.00000;2:0.00000;3:0.01166;4:0.00000,Which two numbers should be interchanged to make the given equation correct? 9 + 7 × 5 - 18 ÷ 2 = 3 × 4 - 10 + 45 ÷ 5
10,4,10,visual_options,4,4,4,PASS_WITH_EVIDENCE,rgb_hsv_option_crop,same_auto_accepted,,4,C:\experiments\ssc\extraction_batch\tier1_gemini\2019_tier1_prepp_shift1\assets\question_crops\2019_tier1_prepp_shift1_p04_q010_question.png,C:\experiments\ssc\extraction_batch\tier1_gemini\2019_tier1_prepp_shift1\assets\question_crops\2019_tier1_prepp_shift1_p04_q010_opt_1_option.png;C:\experiments\ssc\extraction_batch\tier1_gemini\2019_tier1_prepp_shift1\assets\question_crops\2019_tier1_prepp_shift1_p04_q010_opt_2_option.png;C:\experiments\ssc\extraction_batch\tier1_gemini\2019_tier1_prepp_shift1\assets\question_crops\2019_tier1_prepp_shift1_p04_q010_opt_3_option.png;C:\experiments\ssc\extraction_batch\tier1_gemini\2019_tier1_prepp_shift1\assets\question_crops\2019_tier1_prepp_shift1_p04_q010_opt_4_option.png,1:0.00031;2:0.00009;3:0.00065;4:0.00714,Which of the option figures is the exact mirror image of the given figure when the mirror is held at the right side? RST2PK9LOX
11,5,11,dice,4,4,4,PASS_WITH_EVIDENCE,rgb_hsv_option_crop,same_auto_accepted,,3,C:\experiments\ssc\extraction_batch\tier1_gemini\2019_tier1_prepp_shift1\assets\question_crops\2019_tier1_prepp_shift1_p05_q011_question.png,C:\experiments\ssc\extraction_batch\tier1_gemini\2019_tier1_prepp_shift1\assets\question_crops\2019_tier1_prepp_shift1_p05_q011_opt_1_option.png;C:\experiments\ssc\extraction_batch\tier1_gemini\2019_tier1_prepp_shift1\assets\question_crops\2019_tier1_prepp_shift1_p05_q011_opt_2_option.png;C:\experiments\ssc\extraction_batch\tier1_gemini\2019_tier1_prepp_shift1\assets\question_crops\2019_tier1_prepp_shift1_p05_q011_opt_3_option.png;C:\experiments\ssc\extraction_batch\tier1_gemini\2019_tier1_prepp_shift1\assets\question_crops\2019_tier1_prepp_shift1_p05_q011_opt_4_option.png,1:0.00000;2:0.00000;3:0.00000;4:0.00838,Two positions of the same dice are shown. Select the number that will be on the face opposite to the one showing 6.
12,5,12,math_formula,1,1,1,PASS_WITH_EVIDENCE,rgb_hsv_option_crop,same_auto_accepted,,1,C:\experiments\ssc\extraction_batch\tier1_gemini\2019_tier1_prepp_shift1\assets\question_crops\2019_tier1_prepp_shift1_p05_q012_question.png,C:\experiments\ssc\extraction_batch\tier1_gemini\2019_tier1_prepp_shift1\assets\question_crops\2019_tier1_prepp_shift1_p05_q012_opt_1_option.png;C:\experiments\ssc\extraction_batch\tier1_gemini\2019_tier1_prepp_shift1\assets\question_crops\2019_tier1_prepp_shift1_p05_q012_opt_2_option.png;C:\experiments\ssc\extraction_batch\tier1_gemini\2019_tier1_prepp_shift1\assets\question_crops\2019_tier1_prepp_shift1_p05_q012_opt_3_option.png;C:\experiments\ssc\extraction_batch\tier1_gemini\2019_tier1_prepp_shift1\assets\question_crops\2019_tier1_prepp_shift1_p05_q012_opt_4_option.png,1:0.00884;2:0.00000;3:0.00000;4:0.00000,"The ratio of the present ages of Asha and Lata is 5 : 6. If the difference between their ages is 6 years, then what will be Lata's age will be after 5 years?"
13,5,13,text_only,4,,AMBIGUOUS,PASS_WITH_MANUAL_REVIEW,ambiguous_rgb_hsv_option_crop,llm_answer_blocked_for_review,correct_option_unresolved_or_conflict,4,C:\experiments\ssc\extraction_batch\tier1_gemini\2019_tier1_prepp_shift1\assets\question_crops\2019_tier1_prepp_shift1_p05_q013_question.png,C:\experiments\ssc\extraction_batch\tier1_gemini\2019_tier1_prepp_shift1\assets\question_crops\2019_tier1_prepp_shift1_p05_q013_opt_1_option.png;C:\experiments\ssc\extraction_batch\tier1_gemini\2019_tier1_prepp_shift1\assets\question_crops\2019_tier1_prepp_shift1_p05_q013_opt_2_option.png;C:\experiments\ssc\extraction_batch\tier1_gemini\2019_tier1_prepp_shift1\assets\question_crops\2019_tier1_prepp_shift1_p05_q013_opt_3_option.png;C:\experiments\ssc\extraction_batch\tier1_gemini\2019_tier1_prepp_shift1\assets\question_crops\2019_tier1_prepp_shift1_p05_q013_opt_4_option.png,1:0.00367;2:0.00117;3:0.00134;4:0.01114,"Read the given statements and conclusions carefully. Assuming that the information given in the statements is true, even if it appears to be at variance with commonly known facts, "
14,5,14,text_only,3,3,3,PASS_WITH_EVIDENCE,rgb_hsv_option_crop,same_auto_accepted,,3,C:\experiments\ssc\extraction_batch\tier1_gemini\2019_tier1_prepp_shift1\assets\question_crops\2019_tier1_prepp_shift1_p05_q014_question.png,C:\experiments\ssc\extraction_batch\tier1_gemini\2019_tier1_prepp_shift1\assets\question_crops\2019_tier1_prepp_shift1_p05_q014_opt_1_option.png;C:\experiments\ssc\extraction_batch\tier1_gemini\2019_tier1_prepp_shift1\assets\question_crops\2019_tier1_prepp_shift1_p05_q014_opt_2_option.png;C:\experiments\ssc\extraction_batch\tier1_gemini\2019_tier1_prepp_shift1\assets\question_crops\2019_tier1_prepp_shift1_p05_q014_opt_3_option.png;C:\experiments\ssc\extraction_batch\tier1_gemini\2019_tier1_prepp_shift1\assets\question_crops\2019_tier1_prepp_shift1_p05_q014_opt_4_option.png,1:0.00061;2:0.00068;3:0.01376;4:0.00084,"In a certain code language, 'HARVEST' is coded as '22-21-7-24-20-3-10'. How will 'FARMER' be coded as in that language?"
15,6,15,math_formula,4,4,4,PASS_WITH_EVIDENCE,rgb_hsv_option_crop,same_auto_accepted,,4,C:\experiments\ssc\extraction_batch\tier1_gemini\2019_tier1_prepp_shift1\assets\question_crops\2019_tier1_prepp_shift1_p06_q015_question.png,C:\experiments\ssc\extraction_batch\tier1_gemini\2019_tier1_prepp_shift1\assets\question_crops\2019_tier1_prepp_shift1_p06_q015_opt_1_option.png;C:\experiments\ssc\extraction_batch\tier1_gemini\2019_tier1_prepp_shift1\assets\question_crops\2019_tier1_prepp_shift1_p06_q015_opt_2_option.png;C:\experiments\ssc\extraction_batch\tier1_gemini\2019_tier1_prepp_shift1\assets\question_crops\2019_tier1_prepp_shift1_p06_q015_opt_3_option.png;C:\experiments\ssc\extraction_batch\tier1_gemini\2019_tier1_prepp_shift1\assets\question_crops\2019_tier1_prepp_shift1_p06_q015_opt_4_option.png,1:0.00050;2:0.00022;3:0.00025;4:0.00936,"In the following equations, if '+' is interchanged with '-' and '6' is interchanged with '7', then which equation would be correct?"
16,6,16,text_only,3,3,3,PASS_WITH_EVIDENCE,rgb_hsv_option_crop,same_auto_accepted,,3,C:\experiments\ssc\extraction_batch\tier1_gemini\2019_tier1_prepp_shift1\assets\question_crops\2019_tier1_prepp_shift1_p06_q016_question.png,C:\experiments\ssc\extraction_batch\tier1_gemini\2019_tier1_prepp_shift1\assets\question_crops\2019_tier1_prepp_shift1_p06_q016_opt_1_option.png;C:\experiments\ssc\extraction_batch\tier1_gemini\2019_tier1_prepp_shift1\assets\question_crops\2019_tier1_prepp_shift1_p06_q016_opt_2_option.png;C:\experiments\ssc\extraction_batch\tier1_gemini\2019_tier1_prepp_shift1\assets\question_crops\2019_tier1_prepp_shift1_p06_q016_opt_3_option.png;C:\experiments\ssc\extraction_batch\tier1_gemini\2019_tier1_prepp_shift1\assets\question_crops\2019_tier1_prepp_shift1_p06_q016_opt_4_option.png,1:0.00096;2:0.00011;3:0.01314;4:0.00000,"Select the number that can replace the question mark (?) in the following series. 17, 21, 30, 46, 71, ?"
17,6,17,visual_options,3,3,3,PASS_WITH_EVIDENCE,rgb_hsv_option_crop,same_auto_accepted,,,C:\experiments\ssc\extraction_batch\tier1_gemini\2019_tier1_prepp_shift1\assets\question_crops\2019_tier1_prepp_shift1_p06_q017_question.png,C:\experiments\ssc\extraction_batch\tier1_gemini\2019_tier1_prepp_shift1\assets\question_crops\2019_tier1_prepp_shift1_p06_q017_opt_1_option.png;C:\experiments\ssc\extraction_batch\tier1_gemini\2019_tier1_prepp_shift1\assets\question_crops\2019_tier1_prepp_shift1_p06_q017_opt_2_option.png;C:\experiments\ssc\extraction_batch\tier1_gemini\2019_tier1_prepp_shift1\assets\question_crops\2019_tier1_prepp_shift1_p06_q017_opt_3_option.png;C:\experiments\ssc\extraction_batch\tier1_gemini\2019_tier1_prepp_shift1\assets\question_crops\2019_tier1_prepp_shift1_p06_q017_opt_4_option.png,1:0.00000;2:0.00000;3:0.01285;4:0.00000,How many rectangles are there in the given figure?
18,7,18,text_only,1,1,1,PASS_WITH_EVIDENCE,rgb_hsv_option_crop,same_auto_accepted,,1,C:\experiments\ssc\extraction_batch\tier1_gemini\2019_tier1_prepp_shift1\assets\question_crops\2019_tier1_prepp_shift1_p07_q018_question.png,C:\experiments\ssc\extraction_batch\tier1_gemini\2019_tier1_prepp_shift1\assets\question_crops\2019_tier1_prepp_shift1_p07_q018_opt_1_option.png;C:\experiments\ssc\extraction_batch\tier1_gemini\2019_tier1_prepp_shift1\assets\question_crops\2019_tier1_prepp_shift1_p07_q018_opt_2_option.png;C:\experiments\ssc\extraction_batch\tier1_gemini\2019_tier1_prepp_shift1\assets\question_crops\2019_tier1_prepp_shift1_p07_q018_opt_3_option.png;C:\experiments\ssc\extraction_batch\tier1_gemini\2019_tier1_prepp_shift1\assets\question_crops\2019_tier1_prepp_shift1_p07_q018_opt_4_option.png,1:0.00945;2:0.00052;3:0.00139;4:0.00034,"Select the option in which the numbers are related in the same way as are the numbers in the given set. (269, 278, 296)"
19,7,19,text_only,3,3,3,PASS_WITH_EVIDENCE,rgb_hsv_option_crop,same_auto_accepted,,3,C:\experiments\ssc\extraction_batch\tier1_gemini\2019_tier1_prepp_shift1\assets\question_crops\2019_tier1_prepp_shift1_p07_q019_question.png,C:\experiments\ssc\extraction_batch\tier1_gemini\2019_tier1_prepp_shift1\assets\question_crops\2019_tier1_prepp_shift1_p07_q019_opt_1_option.png;C:\experiments\ssc\extraction_batch\tier1_gemini\2019_tier1_prepp_shift1\assets\question_crops\2019_tier1_prepp_shift1_p07_q019_opt_2_option.png;C:\experiments\ssc\extraction_batch\tier1_gemini\2019_tier1_prepp_shift1\assets\question_crops\2019_tier1_prepp_shift1_p07_q019_opt_3_option.png;C:\experiments\ssc\extraction_batch\tier1_gemini\2019_tier1_prepp_shift1\assets\question_crops\2019_tier1_prepp_shift1_p07_q019_opt_4_option.png,1:0.00087;2:0.00099;3:0.01276;4:0.00026,Select the option that is related to the third word in the same way as the second word is related to the first word. Medicine : Disease :: Food : ?
20,7,20,text_only,3,3,3,PASS_WITH_EVIDENCE,rgb_hsv_option_crop,same_auto_accepted,,3,C:\experiments\ssc\extraction_batch\tier1_gemini\2019_tier1_prepp_shift1\assets\question_crops\2019_tier1_prepp_shift1_p07_q020_question.png,C:\experiments\ssc\extraction_batch\tier1_gemini\2019_tier1_prepp_shift1\assets\question_crops\2019_tier1_prepp_shift1_p07_q020_opt_1_option.png;C:\experiments\ssc\extraction_batch\tier1_gemini\2019_tier1_prepp_shift1\assets\question_crops\2019_tier1_prepp_shift1_p07_q020_opt_2_option.png;C:\experiments\ssc\extraction_batch\tier1_gemini\2019_tier1_prepp_shift1\assets\question_crops\2019_tier1_prepp_shift1_p07_q020_opt_3_option.png;C:\experiments\ssc\extraction_batch\tier1_gemini\2019_tier1_prepp_shift1\assets\question_crops\2019_tier1_prepp_shift1_p07_q020_opt_4_option.png,1:0.00194;2:0.00092;3:0.01216;4:0.00005,Amit is the brother of Sonia. Jyoti is the sister of Nikita. Sonia is the daughter of Satish's father. Nikita is the daughter of Kavinder. Jyoti is the mother of Amit. Mukesh is Ni
21,7,21,text_only,4,,AMBIGUOUS,PASS_WITH_MANUAL_REVIEW,ambiguous_rgb_hsv_option_crop,llm_answer_blocked_for_review,correct_option_unresolved_or_conflict,4,C:\experiments\ssc\extraction_batch\tier1_gemini\2019_tier1_prepp_shift1\assets\question_crops\2019_tier1_prepp_shift1_p07_q021_question.png,C:\experiments\ssc\extraction_batch\tier1_gemini\2019_tier1_prepp_shift1\assets\question_crops\2019_tier1_prepp_shift1_p07_q021_opt_1_option.png;C:\experiments\ssc\extraction_batch\tier1_gemini\2019_tier1_prepp_shift1\assets\question_crops\2019_tier1_prepp_shift1_p07_q021_opt_2_option.png;C:\experiments\ssc\extraction_batch\tier1_gemini\2019_tier1_prepp_shift1\assets\question_crops\2019_tier1_prepp_shift1_p07_q021_opt_3_option.png;C:\experiments\ssc\extraction_batch\tier1_gemini\2019_tier1_prepp_shift1\assets\question_crops\2019_tier1_prepp_shift1_p07_q021_opt_4_option.png,1:0.00193;2:0.00204;3:0.00201;4:0.00957,Select the option in which the words share the same relationship as that shared by the given pair of words. Clock : Time
22,8,22,visual_options,4,4,4,PASS_WITH_EVIDENCE,rgb_hsv_option_crop,same_auto_accepted,,4,C:\experiments\ssc\extraction_batch\tier1_gemini\2019_tier1_prepp_shift1\assets\question_crops\2019_tier1_prepp_shift1_p08_q022_question.png,C:\experiments\ssc\extraction_batch\tier1_gemini\2019_tier1_prepp_shift1\assets\question_crops\2019_tier1_prepp_shift1_p08_q022_opt_1_option.png;C:\experiments\ssc\extraction_batch\tier1_gemini\2019_tier1_prepp_shift1\assets\question_crops\2019_tier1_prepp_shift1_p08_q022_opt_2_option.png;C:\experiments\ssc\extraction_batch\tier1_gemini\2019_tier1_prepp_shift1\assets\question_crops\2019_tier1_prepp_shift1_p08_q022_opt_3_option.png;C:\experiments\ssc\extraction_batch\tier1_gemini\2019_tier1_prepp_shift1\assets\question_crops\2019_tier1_prepp_shift1_p08_q022_opt_4_option.png,1:0.00000;2:0.00000;3:0.00000;4:0.00360,Select the option figure in which the given figure is embedded (rotation is NOT allowed).
23,8,23,text_only,3,3,3,PASS_WITH_EVIDENCE,rgb_hsv_option_crop,same_auto_accepted,,3,C:\experiments\ssc\extraction_batch\tier1_gemini\2019_tier1_prepp_shift1\assets\question_crops\2019_tier1_prepp_shift1_p08_q023_question.png,C:\experiments\ssc\extraction_batch\tier1_gemini\2019_tier1_prepp_shift1\assets\question_crops\2019_tier1_prepp_shift1_p08_q023_opt_1_option.png;C:\experiments\ssc\extraction_batch\tier1_gemini\2019_tier1_prepp_shift1\assets\question_crops\2019_tier1_prepp_shift1_p08_q023_opt_2_option.png;C:\experiments\ssc\extraction_batch\tier1_gemini\2019_tier1_prepp_shift1\assets\question_crops\2019_tier1_prepp_shift1_p08_q023_opt_3_option.png;C:\experiments\ssc\extraction_batch\tier1_gemini\2019_tier1_prepp_shift1\assets\question_crops\2019_tier1_prepp_shift1_p08_q023_opt_4_option.png,1:0.00046;2:0.00055;3:0.01331;4:0.00004,"Four letter-clusters have been given, out of which three are alike in some manner, while one is different. Select the odd letter-cluster."
24,9,24,text_only,3,3,3,PASS_WITH_EVIDENCE,rgb_hsv_option_crop,same_auto_accepted,,3,C:\experiments\ssc\extraction_batch\tier1_gemini\2019_tier1_prepp_shift1\assets\question_crops\2019_tier1_prepp_shift1_p09_q024_question.png,C:\experiments\ssc\extraction_batch\tier1_gemini\2019_tier1_prepp_shift1\assets\question_crops\2019_tier1_prepp_shift1_p09_q024_opt_1_option.png;C:\experiments\ssc\extraction_batch\tier1_gemini\2019_tier1_prepp_shift1\assets\question_crops\2019_tier1_prepp_shift1_p09_q024_opt_2_option.png;C:\experiments\ssc\extraction_batch\tier1_gemini\2019_tier1_prepp_shift1\assets\question_crops\2019_tier1_prepp_shift1_p09_q024_opt_3_option.png;C:\experiments\ssc\extraction_batch\tier1_gemini\2019_tier1_prepp_shift1\assets\question_crops\2019_tier1_prepp_shift1_p09_q024_opt_4_option.png,1:0.00060;2:0.00159;3:0.01340;4:0.00070,"In a certain code language, WARDROBE is written as YXVYXHJV. How will ACCURATE be written as in that language?"
25,9,25,table_di,1,1,1,PASS_WITH_EVIDENCE,rgb_hsv_option_crop,same_auto_accepted,,1,C:\experiments\ssc\extraction_batch\tier1_gemini\2019_tier1_prepp_shift1\assets\question_crops\2019_tier1_prepp_shift1_p09_q025_question.png,C:\experiments\ssc\extraction_batch\tier1_gemini\2019_tier1_prepp_shift1\assets\question_crops\2019_tier1_prepp_shift1_p09_q025_opt_1_option.png;C:\experiments\ssc\extraction_batch\tier1_gemini\2019_tier1_prepp_shift1\assets\question_crops\2019_tier1_prepp_shift1_p09_q025_opt_2_option.png;C:\experiments\ssc\extraction_batch\tier1_gemini\2019_tier1_prepp_shift1\assets\question_crops\2019_tier1_prepp_shift1_p09_q025_opt_3_option.png;C:\experiments\ssc\extraction_batch\tier1_gemini\2019_tier1_prepp_shift1\assets\question_crops\2019_tier1_prepp_shift1_p09_q025_opt_4_option.png,1:0.00969;2:0.00000;3:0.00005;4:0.00002,"Select the letter-cluster that can replace the question mark (?) in the following series. CXB, HUI, MRP, ROW, ?"
26,9,1,text_only,4,4,4,PASS_WITH_EVIDENCE,rgb_hsv_option_crop,same_auto_accepted,,4,C:\experiments\ssc\extraction_batch\tier1_gemini\2019_tier1_prepp_shift1\assets\question_crops\2019_tier1_prepp_shift1_p09_q026_question.png,C:\experiments\ssc\extraction_batch\tier1_gemini\2019_tier1_prepp_shift1\assets\question_crops\2019_tier1_prepp_shift1_p09_q026_opt_1_option.png;C:\experiments\ssc\extraction_batch\tier1_gemini\2019_tier1_prepp_shift1\assets\question_crops\2019_tier1_prepp_shift1_p09_q026_opt_2_option.png;C:\experiments\ssc\extraction_batch\tier1_gemini\2019_tier1_prepp_shift1\assets\question_crops\2019_tier1_prepp_shift1_p09_q026_opt_3_option.png;C:\experiments\ssc\extraction_batch\tier1_gemini\2019_tier1_prepp_shift1\assets\question_crops\2019_tier1_prepp_shift1_p09_q026_opt_4_option.png,1:0.00000;2:0.00000;3:0.00000;4:0.02720,"As of February 2020, who is the President of Sri Lanka?"
27,9,2,text_only,3,3,3,PASS_WITH_EVIDENCE,rgb_hsv_option_crop,same_auto_accepted,,1,C:\experiments\ssc\extraction_batch\tier1_gemini\2019_tier1_prepp_shift1\assets\question_crops\2019_tier1_prepp_shift1_p09_q027_question.png,C:\experiments\ssc\extraction_batch\tier1_gemini\2019_tier1_prepp_shift1\assets\question_crops\2019_tier1_prepp_shift1_p09_q027_opt_1_option.png;C:\experiments\ssc\extraction_batch\tier1_gemini\2019_tier1_prepp_shift1\assets\question_crops\2019_tier1_prepp_shift1_p09_q027_opt_2_option.png;C:\experiments\ssc\extraction_batch\tier1_gemini\2019_tier1_prepp_shift1\assets\question_crops\2019_tier1_prepp_shift1_p09_q027_opt_3_option.png;C:\experiments\ssc\extraction_batch\tier1_gemini\2019_tier1_prepp_shift1\assets\question_crops\2019_tier1_prepp_shift1_p09_q027_opt_4_option.png,1:0.00000;2:0.00000;3:0.02997;4:0.00000,"As on January 2020, Shri Bhupesh Baghel is the Chief Minister of which of the following states?"
28,10,3,text_only,2,2,2,PASS_WITH_EVIDENCE,rgb_hsv_option_crop,same_auto_accepted,,2,C:\experiments\ssc\extraction_batch\tier1_gemini\2019_tier1_prepp_shift1\assets\question_crops\2019_tier1_prepp_shift1_p10_q028_question.png,C:\experiments\ssc\extraction_batch\tier1_gemini\2019_tier1_prepp_shift1\assets\question_crops\2019_tier1_prepp_shift1_p10_q028_opt_1_option.png;C:\experiments\ssc\extraction_batch\tier1_gemini\2019_tier1_prepp_shift1\assets\question_crops\2019_tier1_prepp_shift1_p10_q028_opt_2_option.png;C:\experiments\ssc\extraction_batch\tier1_gemini\2019_tier1_prepp_shift1\assets\question_crops\2019_tier1_prepp_shift1_p10_q028_opt_3_option.png;C:\experiments\ssc\extraction_batch\tier1_gemini\2019_tier1_prepp_shift1\assets\question_crops\2019_tier1_prepp_shift1_p10_q028_opt_4_option.png,1:0.00000;2:0.03350;3:0.00000;4:0.00000,Name the physicist who is credited with the discovery of the Neutron. This 1932 discovery led to his winning the Nobel Prize.
29,10,4,text_only,2,2,2,PASS_WITH_EVIDENCE,rgb_hsv_option_crop,same_auto_accepted,,,C:\experiments\ssc\extraction_batch\tier1_gemini\2019_tier1_prepp_shift1\assets\question_crops\2019_tier1_prepp_shift1_p10_q029_question.png,C:\experiments\ssc\extraction_batch\tier1_gemini\2019_tier1_prepp_shift1\assets\question_crops\2019_tier1_prepp_shift1_p10_q029_opt_1_option.png;C:\experiments\ssc\extraction_batch\tier1_gemini\2019_tier1_prepp_shift1\assets\question_crops\2019_tier1_prepp_shift1_p10_q029_opt_2_option.png;C:\experiments\ssc\extraction_batch\tier1_gemini\2019_tier1_prepp_shift1\assets\question_crops\2019_tier1_prepp_shift1_p10_q029_opt_3_option.png;C:\experiments\ssc\extraction_batch\tier1_gemini\2019_tier1_prepp_shift1\assets\question_crops\2019_tier1_prepp_shift1_p10_q029_opt_4_option.png,1:0.00000;2:0.02120;3:0.00000;4:0.00000,"For which of the following sports was Dronavalli Harika, conferred with the prestigious Padma Shri award?"
30,10,5,text_only,2,2,2,PASS_WITH_EVIDENCE,rgb_hsv_option_crop,same_auto_accepted,,4,C:\experiments\ssc\extraction_batch\tier1_gemini\2019_tier1_prepp_shift1\assets\question_crops\2019_tier1_prepp_shift1_p10_q030_question.png,C:\experiments\ssc\extraction_batch\tier1_gemini\2019_tier1_prepp_shift1\assets\question_crops\2019_tier1_prepp_shift1_p10_q030_opt_1_option.png;C:\experiments\ssc\extraction_batch\tier1_gemini\2019_tier1_prepp_shift1\assets\question_crops\2019_tier1_prepp_shift1_p10_q030_opt_2_option.png;C:\experiments\ssc\extraction_batch\tier1_gemini\2019_tier1_prepp_shift1\assets\question_crops\2019_tier1_prepp_shift1_p10_q030_opt_3_option.png;C:\experiments\ssc\extraction_batch\tier1_gemini\2019_tier1_prepp_shift1\assets\question_crops\2019_tier1_prepp_shift1_p10_q030_opt_4_option.png,1:0.00000;2:0.02634;3:0.00000;4:0.00000,Who is the first and currently the only batsman to score double hundreds in four consecutive test series?
31,10,6,text_only,2,2,2,PASS_WITH_EVIDENCE,rgb_hsv_option_crop,same_auto_accepted,,4,C:\experiments\ssc\extraction_batch\tier1_gemini\2019_tier1_prepp_shift1\assets\question_crops\2019_tier1_prepp_shift1_p10_q031_question.png,C:\experiments\ssc\extraction_batch\tier1_gemini\2019_tier1_prepp_shift1\assets\question_crops\2019_tier1_prepp_shift1_p10_q031_opt_1_option.png;C:\experiments\ssc\extraction_batch\tier1_gemini\2019_tier1_prepp_shift1\assets\question_crops\2019_tier1_prepp_shift1_p10_q031_opt_2_option.png;C:\experiments\ssc\extraction_batch\tier1_gemini\2019_tier1_prepp_shift1\assets\question_crops\2019_tier1_prepp_shift1_p10_q031_opt_3_option.png;C:\experiments\ssc\extraction_batch\tier1_gemini\2019_tier1_prepp_shift1\assets\question_crops\2019_tier1_prepp_shift1_p10_q031_opt_4_option.png,1:0.00000;2:0.02223;3:0.00000;4:0.00000,"Kolathunadu, Valluvanad and Thekkumkoor were ancient small-time kingdoms in which state of India?"
32,10,7,text_only,3,3,3,PASS_WITH_EVIDENCE,rgb_hsv_option_crop,same_auto_accepted,,,C:\experiments\ssc\extraction_batch\tier1_gemini\2019_tier1_prepp_shift1\assets\question_crops\2019_tier1_prepp_shift1_p10_q032_question.png,C:\experiments\ssc\extraction_batch\tier1_gemini\2019_tier1_prepp_shift1\assets\question_crops\2019_tier1_prepp_shift1_p10_q032_opt_1_option.png;C:\experiments\ssc\extraction_batch\tier1_gemini\2019_tier1_prepp_shift1\assets\question_crops\2019_tier1_prepp_shift1_p10_q032_opt_2_option.png;C:\experiments\ssc\extraction_batch\tier1_gemini\2019_tier1_prepp_shift1\assets\question_crops\2019_tier1_prepp_shift1_p10_q032_opt_3_option.png;C:\experiments\ssc\extraction_batch\tier1_gemini\2019_tier1_prepp_shift1\assets\question_crops\2019_tier1_prepp_shift1_p10_q032_opt_4_option.png,1:0.00000;2:0.00000;3:0.02394;4:0.00000,Sir Thomas Roe came as an official ambassador from King James I of England to which Mughal emperor's court?
33,11,8,text_only,1,1,1,PASS_WITH_EVIDENCE,rgb_hsv_option_crop,same_auto_accepted,,1,C:\experiments\ssc\extraction_batch\tier1_gemini\2019_tier1_prepp_shift1\assets\question_crops\2019_tier1_prepp_shift1_p11_q033_question.png,C:\experiments\ssc\extraction_batch\tier1_gemini\2019_tier1_prepp_shift1\assets\question_crops\2019_tier1_prepp_shift1_p11_q033_opt_1_option.png;C:\experiments\ssc\extraction_batch\tier1_gemini\2019_tier1_prepp_shift1\assets\question_crops\2019_tier1_prepp_shift1_p11_q033_opt_2_option.png;C:\experiments\ssc\extraction_batch\tier1_gemini\2019_tier1_prepp_shift1\assets\question_crops\2019_tier1_prepp_shift1_p11_q033_opt_3_option.png;C:\experiments\ssc\extraction_batch\tier1_gemini\2019_tier1_prepp_shift1\assets\question_crops\2019_tier1_prepp_shift1_p11_q033_opt_4_option.png,1:0.01569;2:0.00000;3:0.00000;4:0.00000,Name the media company that purchased the legendary studio of 21st Century Fox.
34,11,9,text_only,1,1,1,PASS_WITH_EVIDENCE,rgb_hsv_option_crop,same_auto_accepted,,1,C:\experiments\ssc\extraction_batch\tier1_gemini\2019_tier1_prepp_shift1\assets\question_crops\2019_tier1_prepp_shift1_p11_q034_question.png,C:\experiments\ssc\extraction_batch\tier1_gemini\2019_tier1_prepp_shift1\assets\question_crops\2019_tier1_prepp_shift1_p11_q034_opt_1_option.png;C:\experiments\ssc\extraction_batch\tier1_gemini\2019_tier1_prepp_shift1\assets\question_crops\2019_tier1_prepp_shift1_p11_q034_opt_2_option.png;C:\experiments\ssc\extraction_batch\tier1_gemini\2019_tier1_prepp_shift1\assets\question_crops\2019_tier1_prepp_shift1_p11_q034_opt_3_option.png;C:\experiments\ssc\extraction_batch\tier1_gemini\2019_tier1_prepp_shift1\assets\question_crops\2019_tier1_prepp_shift1_p11_q034_opt_4_option.png,1:0.01545;2:0.00000;3:0.00000;4:0.00000,What is the more common name for solid carbon dioxide?
35,11,10,text_only,3,3,3,PASS_WITH_EVIDENCE,rgb_hsv_option_crop,same_auto_accepted,,3,C:\experiments\ssc\extraction_batch\tier1_gemini\2019_tier1_prepp_shift1\assets\question_crops\2019_tier1_prepp_shift1_p11_q035_question.png,C:\experiments\ssc\extraction_batch\tier1_gemini\2019_tier1_prepp_shift1\assets\question_crops\2019_tier1_prepp_shift1_p11_q035_opt_1_option.png;C:\experiments\ssc\extraction_batch\tier1_gemini\2019_tier1_prepp_shift1\assets\question_crops\2019_tier1_prepp_shift1_p11_q035_opt_2_option.png;C:\experiments\ssc\extraction_batch\tier1_gemini\2019_tier1_prepp_shift1\assets\question_crops\2019_tier1_prepp_shift1_p11_q035_opt_3_option.png;C:\experiments\ssc\extraction_batch\tier1_gemini\2019_tier1_prepp_shift1\assets\question_crops\2019_tier1_prepp_shift1_p11_q035_opt_4_option.png,1:0.00000;2:0.00000;3:0.02060;4:0.00000,Which of these bones is NOT a part of the human ear?
36,11,11,dice,2,2,2,PASS_WITH_EVIDENCE,rgb_hsv_option_crop,same_auto_accepted,,4,C:\experiments\ssc\extraction_batch\tier1_gemini\2019_tier1_prepp_shift1\assets\question_crops\2019_tier1_prepp_shift1_p11_q036_question.png,C:\experiments\ssc\extraction_batch\tier1_gemini\2019_tier1_prepp_shift1\assets\question_crops\2019_tier1_prepp_shift1_p11_q036_opt_1_option.png;C:\experiments\ssc\extraction_batch\tier1_gemini\2019_tier1_prepp_shift1\assets\question_crops\2019_tier1_prepp_shift1_p11_q036_opt_2_option.png;C:\experiments\ssc\extraction_batch\tier1_gemini\2019_tier1_prepp_shift1\assets\question_crops\2019_tier1_prepp_shift1_p11_q036_opt_3_option.png;C:\experiments\ssc\extraction_batch\tier1_gemini\2019_tier1_prepp_shift1\assets\question_crops\2019_tier1_prepp_shift1_p11_q036_opt_4_option.png,1:0.00000;2:0.03799;3:0.00000;4:0.00000,Which of the following books is NOT written by Salman Rushdie?
37,11,12,math_formula,3,3,3,PASS_WITH_EVIDENCE,rgb_hsv_option_crop,same_auto_accepted,,1,C:\experiments\ssc\extraction_batch\tier1_gemini\2019_tier1_prepp_shift1\assets\question_crops\2019_tier1_prepp_shift1_p11_q037_question.png,C:\experiments\ssc\extraction_batch\tier1_gemini\2019_tier1_prepp_shift1\assets\question_crops\2019_tier1_prepp_shift1_p11_q037_opt_1_option.png;C:\experiments\ssc\extraction_batch\tier1_gemini\2019_tier1_prepp_shift1\assets\question_crops\2019_tier1_prepp_shift1_p11_q037_opt_2_option.png;C:\experiments\ssc\extraction_batch\tier1_gemini\2019_tier1_prepp_shift1\assets\question_crops\2019_tier1_prepp_shift1_p11_q037_opt_3_option.png;C:\experiments\ssc\extraction_batch\tier1_gemini\2019_tier1_prepp_shift1\assets\question_crops\2019_tier1_prepp_shift1_p11_q037_opt_4_option.png,1:0.00000;2:0.00000;3:0.02074;4:0.00000,The World Food Program (WFP) is the food assistance branch of the United Nations. Where is it headquartered?
38,12,13,text_only,2,2,2,PASS_WITH_EVIDENCE,rgb_hsv_option_crop,same_auto_accepted,,1,C:\experiments\ssc\extraction_batch\tier1_gemini\2019_tier1_prepp_shift1\assets\question_crops\2019_tier1_prepp_shift1_p12_q038_question.png,C:\experiments\ssc\extraction_batch\tier1_gemini\2019_tier1_prepp_shift1\assets\question_crops\2019_tier1_prepp_shift1_p12_q038_opt_1_option.png;C:\experiments\ssc\extraction_batch\tier1_gemini\2019_tier1_prepp_shift1\assets\question_crops\2019_tier1_prepp_shift1_p12_q038_opt_2_option.png;C:\experiments\ssc\extraction_batch\tier1_gemini\2019_tier1_prepp_shift1\assets\question_crops\2019_tier1_prepp_shift1_p12_q038_opt_3_option.png;C:\experiments\ssc\extraction_batch\tier1_gemini\2019_tier1_prepp_shift1\assets\question_crops\2019_tier1_prepp_shift1_p12_q038_opt_4_option.png,1:0.00000;2:0.01855;3:0.00000;4:0.00000,What is the uniform GST rate that has been fixed up for lottery prizes by the GST Council?
39,12,14,math_formula,3,3,3,PASS_WITH_EVIDENCE,rgb_hsv_option_crop,same_auto_accepted,,1,C:\experiments\ssc\extraction_batch\tier1_gemini\2019_tier1_prepp_shift1\assets\question_crops\2019_tier1_prepp_shift1_p12_q039_question.png,C:\experiments\ssc\extraction_batch\tier1_gemini\2019_tier1_prepp_shift1\assets\question_crops\2019_tier1_prepp_shift1_p12_q039_opt_1_option.png;C:\experiments\ssc\extraction_batch\tier1_gemini\2019_tier1_prepp_shift1\assets\question_crops\2019_tier1_prepp_shift1_p12_q039_opt_2_option.png;C:\experiments\ssc\extraction_batch\tier1_gemini\2019_tier1_prepp_shift1\assets\question_crops\2019_tier1_prepp_shift1_p12_q039_opt_3_option.png;C:\experiments\ssc\extraction_batch\tier1_gemini\2019_tier1_prepp_shift1\assets\question_crops\2019_tier1_prepp_shift1_p12_q039_opt_4_option.png,1:0.00000;2:0.00000;3:0.03297;4:0.00000,"From India, who inaugurated the Kartarpur Corridor and flagged off the first set of pilgrims to the final resting place of Sikhism founder Guru Nanak Dev?"
40,12,15,text_only,3,3,3,PASS_WITH_EVIDENCE,rgb_hsv_option_crop,same_auto_accepted,,,C:\experiments\ssc\extraction_batch\tier1_gemini\2019_tier1_prepp_shift1\assets\question_crops\2019_tier1_prepp_shift1_p12_q040_question.png,C:\experiments\ssc\extraction_batch\tier1_gemini\2019_tier1_prepp_shift1\assets\question_crops\2019_tier1_prepp_shift1_p12_q040_opt_1_option.png;C:\experiments\ssc\extraction_batch\tier1_gemini\2019_tier1_prepp_shift1\assets\question_crops\2019_tier1_prepp_shift1_p12_q040_opt_2_option.png;C:\experiments\ssc\extraction_batch\tier1_gemini\2019_tier1_prepp_shift1\assets\question_crops\2019_tier1_prepp_shift1_p12_q040_opt_3_option.png;C:\experiments\ssc\extraction_batch\tier1_gemini\2019_tier1_prepp_shift1\assets\question_crops\2019_tier1_prepp_shift1_p12_q040_opt_4_option.png,1:0.00000;2:0.00000;3:0.01846;4:0.00000,In which year Sanchi was discovered after being abandoned for nearly 600 Years?
41,12,16,text_only,2,2,2,PASS_WITH_EVIDENCE,rgb_hsv_option_crop,same_auto_accepted,,,C:\experiments\ssc\extraction_batch\tier1_gemini\2019_tier1_prepp_shift1\assets\question_crops\2019_tier1_prepp_shift1_p12_q041_question.png,C:\experiments\ssc\extraction_batch\tier1_gemini\2019_tier1_prepp_shift1\assets\question_crops\2019_tier1_prepp_shift1_p12_q041_opt_1_option.png;C:\experiments\ssc\extraction_batch\tier1_gemini\2019_tier1_prepp_shift1\assets\question_crops\2019_tier1_prepp_shift1_p12_q041_opt_2_option.png;C:\experiments\ssc\extraction_batch\tier1_gemini\2019_tier1_prepp_shift1\assets\question_crops\2019_tier1_prepp_shift1_p12_q041_opt_3_option.png;C:\experiments\ssc\extraction_batch\tier1_gemini\2019_tier1_prepp_shift1\assets\question_crops\2019_tier1_prepp_shift1_p12_q041_opt_4_option.png,1:0.00000;2:0.02479;3:0.00000;4:0.00000,Which of these words refers to the scientific study of domestic dogs?
42,12,17,text_only,1,1,1,PASS_WITH_EVIDENCE,rgb_hsv_option_crop,same_auto_accepted,,,C:\experiments\ssc\extraction_batch\tier1_gemini\2019_tier1_prepp_shift1\assets\question_crops\2019_tier1_prepp_shift1_p12_q042_question.png,C:\experiments\ssc\extraction_batch\tier1_gemini\2019_tier1_prepp_shift1\assets\question_crops\2019_tier1_prepp_shift1_p12_q042_opt_1_option.png;C:\experiments\ssc\extraction_batch\tier1_gemini\2019_tier1_prepp_shift1\assets\question_crops\2019_tier1_prepp_shift1_p12_q042_opt_2_option.png;C:\experiments\ssc\extraction_batch\tier1_gemini\2019_tier1_prepp_shift1\assets\question_crops\2019_tier1_prepp_shift1_p12_q042_opt_3_option.png;C:\experiments\ssc\extraction_batch\tier1_gemini\2019_tier1_prepp_shift1\assets\question_crops\2019_tier1_prepp_shift1_p12_q042_opt_4_option.png,1:0.02439;2:0.00000;3:0.00000;4:0.00000,"The Araku Valley, a tourist resort, is located near which of these cities of South India?"
43,13,18,text_only,2,2,2,PASS_WITH_EVIDENCE,rgb_hsv_option_crop,same_auto_accepted,,,C:\experiments\ssc\extraction_batch\tier1_gemini\2019_tier1_prepp_shift1\assets\question_crops\2019_tier1_prepp_shift1_p13_q043_question.png,C:\experiments\ssc\extraction_batch\tier1_gemini\2019_tier1_prepp_shift1\assets\question_crops\2019_tier1_prepp_shift1_p13_q043_opt_1_option.png;C:\experiments\ssc\extraction_batch\tier1_gemini\2019_tier1_prepp_shift1\assets\question_crops\2019_tier1_prepp_shift1_p13_q043_opt_2_option.png;C:\experiments\ssc\extraction_batch\tier1_gemini\2019_tier1_prepp_shift1\assets\question_crops\2019_tier1_prepp_shift1_p13_q043_opt_3_option.png;C:\experiments\ssc\extraction_batch\tier1_gemini\2019_tier1_prepp_shift1\assets\question_crops\2019_tier1_prepp_shift1_p13_q043_opt_4_option.png,1:0.00000;2:0.02159;3:0.00000;4:0.00000,Prolific Indian painter Maqbool Fida Husain predominantly used which of these animals to depict a lively and free spirit in his paintings?
44,13,19,text_only,4,4,4,PASS_WITH_EVIDENCE,rgb_hsv_option_crop,same_auto_accepted,,1,C:\experiments\ssc\extraction_batch\tier1_gemini\2019_tier1_prepp_shift1\assets\question_crops\2019_tier1_prepp_shift1_p13_q044_question.png,C:\experiments\ssc\extraction_batch\tier1_gemini\2019_tier1_prepp_shift1\assets\question_crops\2019_tier1_prepp_shift1_p13_q044_opt_1_option.png;C:\experiments\ssc\extraction_batch\tier1_gemini\2019_tier1_prepp_shift1\assets\question_crops\2019_tier1_prepp_shift1_p13_q044_opt_2_option.png;C:\experiments\ssc\extraction_batch\tier1_gemini\2019_tier1_prepp_shift1\assets\question_crops\2019_tier1_prepp_shift1_p13_q044_opt_3_option.png;C:\experiments\ssc\extraction_batch\tier1_gemini\2019_tier1_prepp_shift1\assets\question_crops\2019_tier1_prepp_shift1_p13_q044_opt_4_option.png,1:0.00000;2:0.00000;3:0.00000;4:0.01695,The ruins of the ancient city of Hampi - capital of Vijayanagara - is located in which present day Indian state?
45,13,20,text_only,4,4,4,PASS_WITH_EVIDENCE,rgb_hsv_option_crop,same_auto_accepted,,4,C:\experiments\ssc\extraction_batch\tier1_gemini\2019_tier1_prepp_shift1\assets\question_crops\2019_tier1_prepp_shift1_p13_q045_question.png,C:\experiments\ssc\extraction_batch\tier1_gemini\2019_tier1_prepp_shift1\assets\question_crops\2019_tier1_prepp_shift1_p13_q045_opt_1_option.png;C:\experiments\ssc\extraction_batch\tier1_gemini\2019_tier1_prepp_shift1\assets\question_crops\2019_tier1_prepp_shift1_p13_q045_opt_2_option.png;C:\experiments\ssc\extraction_batch\tier1_gemini\2019_tier1_prepp_shift1\assets\question_crops\2019_tier1_prepp_shift1_p13_q045_opt_3_option.png;C:\experiments\ssc\extraction_batch\tier1_gemini\2019_tier1_prepp_shift1\assets\question_crops\2019_tier1_prepp_shift1_p13_q045_opt_4_option.png,1:0.00000;2:0.00000;3:0.00000;4:0.01863,Who among the following played the leading lady in the film 'Mission Mangal' that tells the dramatic true story of the women behind India's first mission to Mars?
46,13,21,text_only,4,4,4,PASS_WITH_EVIDENCE,rgb_hsv_option_crop,same_auto_accepted,,4,C:\experiments\ssc\extraction_batch\tier1_gemini\2019_tier1_prepp_shift1\assets\question_crops\2019_tier1_prepp_shift1_p13_q046_question.png,C:\experiments\ssc\extraction_batch\tier1_gemini\2019_tier1_prepp_shift1\assets\question_crops\2019_tier1_prepp_shift1_p13_q046_opt_1_option.png;C:\experiments\ssc\extraction_batch\tier1_gemini\2019_tier1_prepp_shift1\assets\question_crops\2019_tier1_prepp_shift1_p13_q046_opt_2_option.png;C:\experiments\ssc\extraction_batch\tier1_gemini\2019_tier1_prepp_shift1\assets\question_crops\2019_tier1_prepp_shift1_p13_q046_opt_3_option.png;C:\experiments\ssc\extraction_batch\tier1_gemini\2019_tier1_prepp_shift1\assets\question_crops\2019_tier1_prepp_shift1_p13_q046_opt_4_option.png,1:0.00000;2:0.00000;3:0.00000;4:0.02757,Which of these institutions fixes the Repo Rate and the Reverse Repo Rate in India?
47,13,22,text_only,2,2,2,PASS_WITH_EVIDENCE,rgb_hsv_option_crop,same_auto_accepted,,2,C:\experiments\ssc\extraction_batch\tier1_gemini\2019_tier1_prepp_shift1\assets\question_crops\2019_tier1_prepp_shift1_p13_q047_question.png,C:\experiments\ssc\extraction_batch\tier1_gemini\2019_tier1_prepp_shift1\assets\question_crops\2019_tier1_prepp_shift1_p13_q047_opt_1_option.png;C:\experiments\ssc\extraction_batch\tier1_gemini\2019_tier1_prepp_shift1\assets\question_crops\2019_tier1_prepp_shift1_p13_q047_opt_2_option.png;C:\experiments\ssc\extraction_batch\tier1_gemini\2019_tier1_prepp_shift1\assets\question_crops\2019_tier1_prepp_shift1_p13_q047_opt_3_option.png;C:\experiments\ssc\extraction_batch\tier1_gemini\2019_tier1_prepp_shift1\assets\question_crops\2019_tier1_prepp_shift1_p13_q047_opt_4_option.png,1:0.00000;2:0.02339;3:0.00000;4:0.00000,Red worms have a structure named ______ which helps them in grinding their food.
48,14,23,text_only,1,1,1,PASS_WITH_EVIDENCE,rgb_hsv_option_crop,same_auto_accepted,,4,C:\experiments\ssc\extraction_batch\tier1_gemini\2019_tier1_prepp_shift1\assets\question_crops\2019_tier1_prepp_shift1_p14_q048_question.png,C:\experiments\ssc\extraction_batch\tier1_gemini\2019_tier1_prepp_shift1\assets\question_crops\2019_tier1_prepp_shift1_p14_q048_opt_1_option.png;C:\experiments\ssc\extraction_batch\tier1_gemini\2019_tier1_prepp_shift1\assets\question_crops\2019_tier1_prepp_shift1_p14_q048_opt_2_option.png;C:\experiments\ssc\extraction_batch\tier1_gemini\2019_tier1_prepp_shift1\assets\question_crops\2019_tier1_prepp_shift1_p14_q048_opt_3_option.png;C:\experiments\ssc\extraction_batch\tier1_gemini\2019_tier1_prepp_shift1\assets\question_crops\2019_tier1_prepp_shift1_p14_q048_opt_4_option.png,1:0.02408;2:0.00000;3:0.00000;4:0.00000,Name the author who won the Sahitya Akademi Award 2019 for his book - An Era of Darkness: The British Empire in India.
49,14,24,text_only,3,3,3,PASS_WITH_EVIDENCE,rgb_hsv_option_crop,same_auto_accepted,,3,C:\experiments\ssc\extraction_batch\tier1_gemini\2019_tier1_prepp_shift1\assets\question_crops\2019_tier1_prepp_shift1_p14_q049_question.png,C:\experiments\ssc\extraction_batch\tier1_gemini\2019_tier1_prepp_shift1\assets\question_crops\2019_tier1_prepp_shift1_p14_q049_opt_1_option.png;C:\experiments\ssc\extraction_batch\tier1_gemini\2019_tier1_prepp_shift1\assets\question_crops\2019_tier1_prepp_shift1_p14_q049_opt_2_option.png;C:\experiments\ssc\extraction_batch\tier1_gemini\2019_tier1_prepp_shift1\assets\question_crops\2019_tier1_prepp_shift1_p14_q049_opt_3_option.png;C:\experiments\ssc\extraction_batch\tier1_gemini\2019_tier1_prepp_shift1\assets\question_crops\2019_tier1_prepp_shift1_p14_q049_opt_4_option.png,1:0.00000;2:0.00000;3:0.03107;4:0.00000,"Veteran freedom fighter, social reformer and feminist Savithribai Phule hailed from which of the following states of India?"
50,14,25,math_formula,4,4,4,PASS_WITH_EVIDENCE,rgb_hsv_option_crop,same_auto_accepted,,,C:\experiments\ssc\extraction_batch\tier1_gemini\2019_tier1_prepp_shift1\assets\question_crops\2019_tier1_prepp_shift1_p14_q050_question.png,C:\experiments\ssc\extraction_batch\tier1_gemini\2019_tier1_prepp_shift1\assets\question_crops\2019_tier1_prepp_shift1_p14_q050_opt_1_option.png;C:\experiments\ssc\extraction_batch\tier1_gemini\2019_tier1_prepp_shift1\assets\question_crops\2019_tier1_prepp_shift1_p14_q050_opt_2_option.png;C:\experiments\ssc\extraction_batch\tier1_gemini\2019_tier1_prepp_shift1\assets\question_crops\2019_tier1_prepp_shift1_p14_q050_opt_3_option.png;C:\experiments\ssc\extraction_batch\tier1_gemini\2019_tier1_prepp_shift1\assets\question_crops\2019_tier1_prepp_shift1_p14_q050_opt_4_option.png,1:0.00000;2:0.00000;3:0.00000;4:0.01296,"Sultan Qaboos bin Said of ________, the Arab world's longest-serving ruler and with a reputation for quiet diplomacy passed away recently (2020)."
51,14,1,text_only,2,2,2,PASS_WITH_EVIDENCE,rgb_hsv_option_crop,same_auto_accepted,,2,C:\experiments\ssc\extraction_batch\tier1_gemini\2019_tier1_prepp_shift1\assets\question_crops\2019_tier1_prepp_shift1_p14_q051_question.png,C:\experiments\ssc\extraction_batch\tier1_gemini\2019_tier1_prepp_shift1\assets\question_crops\2019_tier1_prepp_shift1_p14_q051_opt_1_option.png;C:\experiments\ssc\extraction_batch\tier1_gemini\2019_tier1_prepp_shift1\assets\question_crops\2019_tier1_prepp_shift1_p14_q051_opt_2_option.png;C:\experiments\ssc\extraction_batch\tier1_gemini\2019_tier1_prepp_shift1\assets\question_crops\2019_tier1_prepp_shift1_p14_q051_opt_3_option.png;C:\experiments\ssc\extraction_batch\tier1_gemini\2019_tier1_prepp_shift1\assets\question_crops\2019_tier1_prepp_shift1_p14_q051_opt_4_option.png,1:0.00002;2:0.01290;3:0.00000;4:0.00000,"The area of Δ ABC is 44 cm². If D is the midpoint of BC and E is the midpoint of AB, then the area (in cm²) of ΔBDE is:"
52,15,2,text_only,1,1,1,PASS_WITH_EVIDENCE,rgb_hsv_option_crop,same_auto_accepted,,1,C:\experiments\ssc\extraction_batch\tier1_gemini\2019_tier1_prepp_shift1\assets\question_crops\2019_tier1_prepp_shift1_p15_q052_question.png,C:\experiments\ssc\extraction_batch\tier1_gemini\2019_tier1_prepp_shift1\assets\question_crops\2019_tier1_prepp_shift1_p15_q052_opt_1_option.png;C:\experiments\ssc\extraction_batch\tier1_gemini\2019_tier1_prepp_shift1\assets\question_crops\2019_tier1_prepp_shift1_p15_q052_opt_2_option.png;C:\experiments\ssc\extraction_batch\tier1_gemini\2019_tier1_prepp_shift1\assets\question_crops\2019_tier1_prepp_shift1_p15_q052_opt_3_option.png;C:\experiments\ssc\extraction_batch\tier1_gemini\2019_tier1_prepp_shift1\assets\question_crops\2019_tier1_prepp_shift1_p15_q052_opt_4_option.png,1:0.01068;2:0.00000;3:0.00000;4:0.00000,"If the number 1005x4 is completely divisible by 8, then the smallest integer in place of x will be:"
53,15,3,math_formula,3,3,3,PASS_WITH_EVIDENCE,rgb_hsv_option_crop,same_auto_accepted,,3,C:\experiments\ssc\extraction_batch\tier1_gemini\2019_tier1_prepp_shift1\assets\question_crops\2019_tier1_prepp_shift1_p15_q053_question.png,C:\experiments\ssc\extraction_batch\tier1_gemini\2019_tier1_prepp_shift1\assets\question_crops\2019_tier1_prepp_shift1_p15_q053_opt_1_option.png;C:\experiments\ssc\extraction_batch\tier1_gemini\2019_tier1_prepp_shift1\assets\question_crops\2019_tier1_prepp_shift1_p15_q053_opt_2_option.png;C:\experiments\ssc\extraction_batch\tier1_gemini\2019_tier1_prepp_shift1\assets\question_crops\2019_tier1_prepp_shift1_p15_q053_opt_3_option.png;C:\experiments\ssc\extraction_batch\tier1_gemini\2019_tier1_prepp_shift1\assets\question_crops\2019_tier1_prepp_shift1_p15_q053_opt_4_option.png,1:0.00000;2:0.00000;3:0.01290;4:0.00000,"If the base radius of 2 cylinders are in the ratio 3 : 4 and their heights are in the ratio 4 : 9, then the ratio of their volumes is:"
54,15,4,math_formula,2,2,2,PASS_WITH_EVIDENCE,rgb_hsv_option_crop,same_auto_accepted,,2,C:\experiments\ssc\extraction_batch\tier1_gemini\2019_tier1_prepp_shift1\assets\question_crops\2019_tier1_prepp_shift1_p15_q054_question.png,C:\experiments\ssc\extraction_batch\tier1_gemini\2019_tier1_prepp_shift1\assets\question_crops\2019_tier1_prepp_shift1_p15_q054_opt_1_option.png;C:\experiments\ssc\extraction_batch\tier1_gemini\2019_tier1_prepp_shift1\assets\question_crops\2019_tier1_prepp_shift1_p15_q054_opt_2_option.png;C:\experiments\ssc\extraction_batch\tier1_gemini\2019_tier1_prepp_shift1\assets\question_crops\2019_tier1_prepp_shift1_p15_q054_opt_3_option.png;C:\experiments\ssc\extraction_batch\tier1_gemini\2019_tier1_prepp_shift1\assets\question_crops\2019_tier1_prepp_shift1_p15_q054_opt_4_option.png,1:0.00000;2:0.00867;3:0.00000;4:0.00000,"If x, y, z are three integers such that x + y = 8, y + z = 13 and z + x = 17, then the value of x²/yz is:"
55,15,5,table_di,2,2,2,PASS_WITH_EVIDENCE,rgb_hsv_option_crop,same_auto_accepted,,2,C:\experiments\ssc\extraction_batch\tier1_gemini\2019_tier1_prepp_shift1\assets\question_crops\2019_tier1_prepp_shift1_p15_q055_question.png,C:\experiments\ssc\extraction_batch\tier1_gemini\2019_tier1_prepp_shift1\assets\question_crops\2019_tier1_prepp_shift1_p15_q055_opt_1_option.png;C:\experiments\ssc\extraction_batch\tier1_gemini\2019_tier1_prepp_shift1\assets\question_crops\2019_tier1_prepp_shift1_p15_q055_opt_2_option.png;C:\experiments\ssc\extraction_batch\tier1_gemini\2019_tier1_prepp_shift1\assets\question_crops\2019_tier1_prepp_shift1_p15_q055_opt_3_option.png;C:\experiments\ssc\extraction_batch\tier1_gemini\2019_tier1_prepp_shift1\assets\question_crops\2019_tier1_prepp_shift1_p15_q055_opt_4_option.png,1:0.00035;2:0.01317;3:0.00008;4:0.00000,"The given table shows the number (in thousands) of cars of five different models A, B, C, D and E produced during Years 2012-2017. Study the table and answer the question that foll"
56,16,6,table_di,4,4,4,PASS_WITH_EVIDENCE,rgb_hsv_option_crop,same_auto_accepted,,4,C:\experiments\ssc\extraction_batch\tier1_gemini\2019_tier1_prepp_shift1\assets\question_crops\2019_tier1_prepp_shift1_p16_q056_question.png,C:\experiments\ssc\extraction_batch\tier1_gemini\2019_tier1_prepp_shift1\assets\question_crops\2019_tier1_prepp_shift1_p16_q056_opt_1_option.png;C:\experiments\ssc\extraction_batch\tier1_gemini\2019_tier1_prepp_shift1\assets\question_crops\2019_tier1_prepp_shift1_p16_q056_opt_2_option.png;C:\experiments\ssc\extraction_batch\tier1_gemini\2019_tier1_prepp_shift1\assets\question_crops\2019_tier1_prepp_shift1_p16_q056_opt_3_option.png;C:\experiments\ssc\extraction_batch\tier1_gemini\2019_tier1_prepp_shift1\assets\question_crops\2019_tier1_prepp_shift1_p16_q056_opt_4_option.png,1:0.00019;2:0.00003;3:0.00000;4:0.00851,"The given table shows the number (in thousands) of cars of five different models A, B, C, D and E produced during Years 2012-2017. Study the table and answer the question that foll"
57,16,7,math_formula,1,1,1,PASS_WITH_EVIDENCE,rgb_hsv_option_crop,same_auto_accepted,,1,C:\experiments\ssc\extraction_batch\tier1_gemini\2019_tier1_prepp_shift1\assets\question_crops\2019_tier1_prepp_shift1_p16_q057_question.png,C:\experiments\ssc\extraction_batch\tier1_gemini\2019_tier1_prepp_shift1\assets\question_crops\2019_tier1_prepp_shift1_p16_q057_opt_1_option.png;C:\experiments\ssc\extraction_batch\tier1_gemini\2019_tier1_prepp_shift1\assets\question_crops\2019_tier1_prepp_shift1_p16_q057_opt_2_option.png;C:\experiments\ssc\extraction_batch\tier1_gemini\2019_tier1_prepp_shift1\assets\question_crops\2019_tier1_prepp_shift1_p16_q057_opt_3_option.png;C:\experiments\ssc\extraction_batch\tier1_gemini\2019_tier1_prepp_shift1\assets\question_crops\2019_tier1_prepp_shift1_p16_q057_opt_4_option.png,1:0.00994;2:0.00000;3:0.00000;4:0.00000,"If x = 4cosA + 5sinA and y = 4sinA - 5cosA, then the value of x² + y² is:"
58,16,8,text_only,1,1,1,PASS_WITH_EVIDENCE,rgb_hsv_option_crop,same_auto_accepted,,1,C:\experiments\ssc\extraction_batch\tier1_gemini\2019_tier1_prepp_shift1\assets\question_crops\2019_tier1_prepp_shift1_p16_q058_question.png,C:\experiments\ssc\extraction_batch\tier1_gemini\2019_tier1_prepp_shift1\assets\question_crops\2019_tier1_prepp_shift1_p16_q058_opt_1_option.png;C:\experiments\ssc\extraction_batch\tier1_gemini\2019_tier1_prepp_shift1\assets\question_crops\2019_tier1_prepp_shift1_p16_q058_opt_2_option.png;C:\experiments\ssc\extraction_batch\tier1_gemini\2019_tier1_prepp_shift1\assets\question_crops\2019_tier1_prepp_shift1_p16_q058_opt_3_option.png;C:\experiments\ssc\extraction_batch\tier1_gemini\2019_tier1_prepp_shift1\assets\question_crops\2019_tier1_prepp_shift1_p16_q058_opt_4_option.png,1:0.00940;2:0.00101;3:0.00022;4:0.00005,"Out of 6 numbers, the sum of the first 5 numbers is 7 times the 6th number. If their average is 136, then the 6th number is:"
59,17,9,table_di,3,3,3,PASS_WITH_EVIDENCE,rgb_hsv_option_crop,same_auto_accepted,,3,C:\experiments\ssc\extraction_batch\tier1_gemini\2019_tier1_prepp_shift1\assets\question_crops\2019_tier1_prepp_shift1_p17_q059_question.png,C:\experiments\ssc\extraction_batch\tier1_gemini\2019_tier1_prepp_shift1\assets\question_crops\2019_tier1_prepp_shift1_p17_q059_opt_1_option.png;C:\experiments\ssc\extraction_batch\tier1_gemini\2019_tier1_prepp_shift1\assets\question_crops\2019_tier1_prepp_shift1_p17_q059_opt_2_option.png;C:\experiments\ssc\extraction_batch\tier1_gemini\2019_tier1_prepp_shift1\assets\question_crops\2019_tier1_prepp_shift1_p17_q059_opt_3_option.png;C:\experiments\ssc\extraction_batch\tier1_gemini\2019_tier1_prepp_shift1\assets\question_crops\2019_tier1_prepp_shift1_p17_q059_opt_4_option.png,1:0.00021;2:0.00033;3:0.01277;4:0.00002,"The given table shows the number (in thousands) of cars of five different models A, B, C, D and E produced during Years 2012-2017. Study the table and answer the question that foll"
60,17,10,math_formula,4,4,4,PASS_WITH_EVIDENCE,rgb_hsv_option_crop,same_auto_accepted,,4,C:\experiments\ssc\extraction_batch\tier1_gemini\2019_tier1_prepp_shift1\assets\question_crops\2019_tier1_prepp_shift1_p17_q060_question.png,C:\experiments\ssc\extraction_batch\tier1_gemini\2019_tier1_prepp_shift1\assets\question_crops\2019_tier1_prepp_shift1_p17_q060_opt_1_option.png;C:\experiments\ssc\extraction_batch\tier1_gemini\2019_tier1_prepp_shift1\assets\question_crops\2019_tier1_prepp_shift1_p17_q060_opt_2_option.png;C:\experiments\ssc\extraction_batch\tier1_gemini\2019_tier1_prepp_shift1\assets\question_crops\2019_tier1_prepp_shift1_p17_q060_opt_3_option.png;C:\experiments\ssc\extraction_batch\tier1_gemini\2019_tier1_prepp_shift1\assets\question_crops\2019_tier1_prepp_shift1_p17_q060_opt_4_option.png,1:0.00000;2:0.00044;3:0.00003;4:0.00791,"If x^2a = y^2b = z^2c ≠ 0 and x^2 = yz, then the value of (ab+bc+ca)/bc is:"
61,17,11,math_formula,2,2,2,PASS_WITH_EVIDENCE,rgb_hsv_option_crop,same_auto_accepted,,2,C:\experiments\ssc\extraction_batch\tier1_gemini\2019_tier1_prepp_shift1\assets\question_crops\2019_tier1_prepp_shift1_p17_q061_question.png,C:\experiments\ssc\extraction_batch\tier1_gemini\2019_tier1_prepp_shift1\assets\question_crops\2019_tier1_prepp_shift1_p17_q061_opt_1_option.png;C:\experiments\ssc\extraction_batch\tier1_gemini\2019_tier1_prepp_shift1\assets\question_crops\2019_tier1_prepp_shift1_p17_q061_opt_2_option.png;C:\experiments\ssc\extraction_batch\tier1_gemini\2019_tier1_prepp_shift1\assets\question_crops\2019_tier1_prepp_shift1_p17_q061_opt_3_option.png;C:\experiments\ssc\extraction_batch\tier1_gemini\2019_tier1_prepp_shift1\assets\question_crops\2019_tier1_prepp_shift1_p17_q061_opt_4_option.png,1:0.00029;2:0.01323;3:0.00000;4:0.00009,"If x - y = 4 and xy = 45, then the value of x^3 - y^3 is:"
62,17,12,text_only,3,3,3,PASS_WITH_EVIDENCE,rgb_hsv_option_crop,same_auto_accepted,,,C:\experiments\ssc\extraction_batch\tier1_gemini\2019_tier1_prepp_shift1\assets\question_crops\2019_tier1_prepp_shift1_p17_q062_question.png,C:\experiments\ssc\extraction_batch\tier1_gemini\2019_tier1_prepp_shift1\assets\question_crops\2019_tier1_prepp_shift1_p17_q062_opt_1_option.png;C:\experiments\ssc\extraction_batch\tier1_gemini\2019_tier1_prepp_shift1\assets\question_crops\2019_tier1_prepp_shift1_p17_q062_opt_2_option.png;C:\experiments\ssc\extraction_batch\tier1_gemini\2019_tier1_prepp_shift1\assets\question_crops\2019_tier1_prepp_shift1_p17_q062_opt_3_option.png;C:\experiments\ssc\extraction_batch\tier1_gemini\2019_tier1_prepp_shift1\assets\question_crops\2019_tier1_prepp_shift1_p17_q062_opt_4_option.png,1:0.00099;2:0.00038;3:0.01104;4:0.00000,"₹4,300 becomes ₹4,644 in 2 years at simple interest. Find the principle amount that will become ₹10,104 in 5 years at the same rate of interest."
63,18,13,table_di,4,4,4,PASS_WITH_EVIDENCE,rgb_hsv_option_crop,same_auto_accepted,,4,C:\experiments\ssc\extraction_batch\tier1_gemini\2019_tier1_prepp_shift1\assets\question_crops\2019_tier1_prepp_shift1_p18_q063_question.png,C:\experiments\ssc\extraction_batch\tier1_gemini\2019_tier1_prepp_shift1\assets\question_crops\2019_tier1_prepp_shift1_p18_q063_opt_1_option.png;C:\experiments\ssc\extraction_batch\tier1_gemini\2019_tier1_prepp_shift1\assets\question_crops\2019_tier1_prepp_shift1_p18_q063_opt_2_option.png;C:\experiments\ssc\extraction_batch\tier1_gemini\2019_tier1_prepp_shift1\assets\question_crops\2019_tier1_prepp_shift1_p18_q063_opt_3_option.png;C:\experiments\ssc\extraction_batch\tier1_gemini\2019_tier1_prepp_shift1\assets\question_crops\2019_tier1_prepp_shift1_p18_q063_opt_4_option.png,1:0.00000;2:0.00003;3:0.00003;4:0.00849,"The given table shows the number (in thousands) of cars of five different models A, B, C, D and E produced during Years 2012-2017. Study the table and answer the question that foll"
64,18,14,math_formula,3,3,3,PASS_WITH_EVIDENCE,rgb_hsv_option_crop,same_auto_accepted,,4,C:\experiments\ssc\extraction_batch\tier1_gemini\2019_tier1_prepp_shift1\assets\question_crops\2019_tier1_prepp_shift1_p18_q064_question.png,C:\experiments\ssc\extraction_batch\tier1_gemini\2019_tier1_prepp_shift1\assets\question_crops\2019_tier1_prepp_shift1_p18_q064_opt_1_option.png;C:\experiments\ssc\extraction_batch\tier1_gemini\2019_tier1_prepp_shift1\assets\question_crops\2019_tier1_prepp_shift1_p18_q064_opt_2_option.png;C:\experiments\ssc\extraction_batch\tier1_gemini\2019_tier1_prepp_shift1\assets\question_crops\2019_tier1_prepp_shift1_p18_q064_opt_3_option.png;C:\experiments\ssc\extraction_batch\tier1_gemini\2019_tier1_prepp_shift1\assets\question_crops\2019_tier1_prepp_shift1_p18_q064_opt_4_option.png,1:0.00000;2:0.00000;3:0.00793;4:0.00002,"If '+' means '-', '-' means '+', 'x' means '÷' and '÷' means 'x', then the value of 42-12x3+8÷2+15 / 8x2-4+9÷3 is:"
65,18,15,math_formula,4,4,4,PASS_WITH_EVIDENCE,rgb_hsv_option_crop,same_auto_accepted,,,C:\experiments\ssc\extraction_batch\tier1_gemini\2019_tier1_prepp_shift1\assets\question_crops\2019_tier1_prepp_shift1_p18_q065_question.png,C:\experiments\ssc\extraction_batch\tier1_gemini\2019_tier1_prepp_shift1\assets\question_crops\2019_tier1_prepp_shift1_p18_q065_opt_1_option.png;C:\experiments\ssc\extraction_batch\tier1_gemini\2019_tier1_prepp_shift1\assets\question_crops\2019_tier1_prepp_shift1_p18_q065_opt_2_option.png;C:\experiments\ssc\extraction_batch\tier1_gemini\2019_tier1_prepp_shift1\assets\question_crops\2019_tier1_prepp_shift1_p18_q065_opt_3_option.png;C:\experiments\ssc\extraction_batch\tier1_gemini\2019_tier1_prepp_shift1\assets\question_crops\2019_tier1_prepp_shift1_p18_q065_opt_4_option.png,1:0.00007;2:0.00000;3:0.00000;4:0.00725,"A person sells an article at 10% below its cost price. Had he sold it for ₹332 more, he would have made a profit of 20%. What is the original selling price (in ₹) of the article?"
66,19,16,math_formula,3,3,3,PASS_WITH_EVIDENCE,rgb_hsv_option_crop,same_auto_accepted,,1,C:\experiments\ssc\extraction_batch\tier1_gemini\2019_tier1_prepp_shift1\assets\question_crops\2019_tier1_prepp_shift1_p19_q066_question.png,C:\experiments\ssc\extraction_batch\tier1_gemini\2019_tier1_prepp_shift1\assets\question_crops\2019_tier1_prepp_shift1_p19_q066_opt_1_option.png;C:\experiments\ssc\extraction_batch\tier1_gemini\2019_tier1_prepp_shift1\assets\question_crops\2019_tier1_prepp_shift1_p19_q066_opt_2_option.png;C:\experiments\ssc\extraction_batch\tier1_gemini\2019_tier1_prepp_shift1\assets\question_crops\2019_tier1_prepp_shift1_p19_q066_opt_3_option.png;C:\experiments\ssc\extraction_batch\tier1_gemini\2019_tier1_prepp_shift1\assets\question_crops\2019_tier1_prepp_shift1_p19_q066_opt_4_option.png,1:0.00019;2:0.00000;3:0.01230;4:0.00000,"If A + B = 45°, then the value of 2(1 + tanA)(1 + tanB) is:"
67,19,17,text_only,3,3,3,PASS_WITH_EVIDENCE,rgb_hsv_option_crop,same_auto_accepted,,,C:\experiments\ssc\extraction_batch\tier1_gemini\2019_tier1_prepp_shift1\assets\question_crops\2019_tier1_prepp_shift1_p19_q067_question.png,C:\experiments\ssc\extraction_batch\tier1_gemini\2019_tier1_prepp_shift1\assets\question_crops\2019_tier1_prepp_shift1_p19_q067_opt_1_option.png;C:\experiments\ssc\extraction_batch\tier1_gemini\2019_tier1_prepp_shift1\assets\question_crops\2019_tier1_prepp_shift1_p19_q067_opt_2_option.png;C:\experiments\ssc\extraction_batch\tier1_gemini\2019_tier1_prepp_shift1\assets\question_crops\2019_tier1_prepp_shift1_p19_q067_opt_3_option.png;C:\experiments\ssc\extraction_batch\tier1_gemini\2019_tier1_prepp_shift1\assets\question_crops\2019_tier1_prepp_shift1_p19_q067_opt_4_option.png,1:0.00045;2:0.00092;3:0.01270;4:0.00011,"A train crosses a pole in 12 sec, and a bridge of length 170 m in 36 sec. Then the speed of the train is:"
68,19,18,math_formula,1,1,1,PASS_WITH_EVIDENCE,rgb_hsv_option_crop,same_auto_accepted,,,C:\experiments\ssc\extraction_batch\tier1_gemini\2019_tier1_prepp_shift1\assets\question_crops\2019_tier1_prepp_shift1_p19_q068_question.png,C:\experiments\ssc\extraction_batch\tier1_gemini\2019_tier1_prepp_shift1\assets\question_crops\2019_tier1_prepp_shift1_p19_q068_opt_1_option.png;C:\experiments\ssc\extraction_batch\tier1_gemini\2019_tier1_prepp_shift1\assets\question_crops\2019_tier1_prepp_shift1_p19_q068_opt_2_option.png;C:\experiments\ssc\extraction_batch\tier1_gemini\2019_tier1_prepp_shift1\assets\question_crops\2019_tier1_prepp_shift1_p19_q068_opt_3_option.png;C:\experiments\ssc\extraction_batch\tier1_gemini\2019_tier1_prepp_shift1\assets\question_crops\2019_tier1_prepp_shift1_p19_q068_opt_4_option.png,1:0.00882;2:0.00000;3:0.00000;4:0.00000,"The ratio of the number of boys to the number of girls in a school of 640 students, is 5 : 3. If 30 more girls are admitted in the school, then how many more boys should be admitte"
69,19,19,text_only,2,2,2,PASS_WITH_EVIDENCE,rgb_hsv_option_crop,same_auto_accepted,,,C:\experiments\ssc\extraction_batch\tier1_gemini\2019_tier1_prepp_shift1\assets\question_crops\2019_tier1_prepp_shift1_p19_q069_question.png,C:\experiments\ssc\extraction_batch\tier1_gemini\2019_tier1_prepp_shift1\assets\question_crops\2019_tier1_prepp_shift1_p19_q069_opt_1_option.png;C:\experiments\ssc\extraction_batch\tier1_gemini\2019_tier1_prepp_shift1\assets\question_crops\2019_tier1_prepp_shift1_p19_q069_opt_2_option.png;C:\experiments\ssc\extraction_batch\tier1_gemini\2019_tier1_prepp_shift1\assets\question_crops\2019_tier1_prepp_shift1_p19_q069_opt_3_option.png;C:\experiments\ssc\extraction_batch\tier1_gemini\2019_tier1_prepp_shift1\assets\question_crops\2019_tier1_prepp_shift1_p19_q069_opt_4_option.png,1:0.00049;2:0.01110;3:0.00102;4:0.00035,"In Δ ABC, MN || BC, the area of quadrilateral MBCN=130 sqcm. If AN : NC=4 : 5, then the area of Δ MAN is:"
70,20,20,math_formula,1,1,1,PASS_WITH_EVIDENCE,rgb_hsv_option_crop,same_auto_accepted,,,C:\experiments\ssc\extraction_batch\tier1_gemini\2019_tier1_prepp_shift1\assets\question_crops\2019_tier1_prepp_shift1_p20_q070_question.png,C:\experiments\ssc\extraction_batch\tier1_gemini\2019_tier1_prepp_shift1\assets\question_crops\2019_tier1_prepp_shift1_p20_q070_opt_1_option.png;C:\experiments\ssc\extraction_batch\tier1_gemini\2019_tier1_prepp_shift1\assets\question_crops\2019_tier1_prepp_shift1_p20_q070_opt_2_option.png;C:\experiments\ssc\extraction_batch\tier1_gemini\2019_tier1_prepp_shift1\assets\question_crops\2019_tier1_prepp_shift1_p20_q070_opt_3_option.png;C:\experiments\ssc\extraction_batch\tier1_gemini\2019_tier1_prepp_shift1\assets\question_crops\2019_tier1_prepp_shift1_p20_q070_opt_4_option.png,1:0.00917;2:0.00000;3:0.00000;4:0.00000,"If A lies in the first quadrant and 6tanA = 5, then the value of (8 sin A - 4 cos A) / (cos A + 2 sin A) is:"
71,20,21,math_formula,4,4,4,PASS_WITH_EVIDENCE,rgb_hsv_option_crop,same_auto_accepted,,4,C:\experiments\ssc\extraction_batch\tier1_gemini\2019_tier1_prepp_shift1\assets\question_crops\2019_tier1_prepp_shift1_p20_q071_question.png,C:\experiments\ssc\extraction_batch\tier1_gemini\2019_tier1_prepp_shift1\assets\question_crops\2019_tier1_prepp_shift1_p20_q071_opt_1_option.png;C:\experiments\ssc\extraction_batch\tier1_gemini\2019_tier1_prepp_shift1\assets\question_crops\2019_tier1_prepp_shift1_p20_q071_opt_2_option.png;C:\experiments\ssc\extraction_batch\tier1_gemini\2019_tier1_prepp_shift1\assets\question_crops\2019_tier1_prepp_shift1_p20_q071_opt_3_option.png;C:\experiments\ssc\extraction_batch\tier1_gemini\2019_tier1_prepp_shift1\assets\question_crops\2019_tier1_prepp_shift1_p20_q071_opt_4_option.png,1:0.00061;2:0.00000;3:0.00000;4:0.00849,"If the length of a rectangle is increased by 40%, and the breadth is decreased by 20%, then the area of the rectangle increases by x%. Then the value of x is:"
72,20,22,math_formula,4,4,4,PASS_WITH_EVIDENCE,rgb_hsv_option_crop,same_auto_accepted,,,C:\experiments\ssc\extraction_batch\tier1_gemini\2019_tier1_prepp_shift1\assets\question_crops\2019_tier1_prepp_shift1_p20_q072_question.png,C:\experiments\ssc\extraction_batch\tier1_gemini\2019_tier1_prepp_shift1\assets\question_crops\2019_tier1_prepp_shift1_p20_q072_opt_1_option.png;C:\experiments\ssc\extraction_batch\tier1_gemini\2019_tier1_prepp_shift1\assets\question_crops\2019_tier1_prepp_shift1_p20_q072_opt_2_option.png;C:\experiments\ssc\extraction_batch\tier1_gemini\2019_tier1_prepp_shift1\assets\question_crops\2019_tier1_prepp_shift1_p20_q072_opt_3_option.png;C:\experiments\ssc\extraction_batch\tier1_gemini\2019_tier1_prepp_shift1\assets\question_crops\2019_tier1_prepp_shift1_p20_q072_opt_4_option.png,1:0.00004;2:0.00013;3:0.00026;4:0.00842,"A shopkeeper marks the price of the article in such a way that after allowing 28% discount, he wants a gain of 12%. If the marked price is ₹224, then the cost price of the article "
73,20,23,math_formula,4,4,4,PASS_WITH_EVIDENCE,rgb_hsv_option_crop,same_auto_accepted,,4,C:\experiments\ssc\extraction_batch\tier1_gemini\2019_tier1_prepp_shift1\assets\question_crops\2019_tier1_prepp_shift1_p20_q073_question.png,C:\experiments\ssc\extraction_batch\tier1_gemini\2019_tier1_prepp_shift1\assets\question_crops\2019_tier1_prepp_shift1_p20_q073_opt_1_option.png;C:\experiments\ssc\extraction_batch\tier1_gemini\2019_tier1_prepp_shift1\assets\question_crops\2019_tier1_prepp_shift1_p20_q073_opt_2_option.png;C:\experiments\ssc\extraction_batch\tier1_gemini\2019_tier1_prepp_shift1\assets\question_crops\2019_tier1_prepp_shift1_p20_q073_opt_3_option.png;C:\experiments\ssc\extraction_batch\tier1_gemini\2019_tier1_prepp_shift1\assets\question_crops\2019_tier1_prepp_shift1_p20_q073_opt_4_option.png,1:0.00000;2:0.00022;3:0.00022;4:0.00865,"The radius of a circular garden is 42 m. The distance (in m) covered by running 8 rounds around it, is: (Take π = 22/7)"
74,21,24,math_formula,3,3,3,PASS_WITH_EVIDENCE,rgb_hsv_option_crop,same_auto_accepted,,,C:\experiments\ssc\extraction_batch\tier1_gemini\2019_tier1_prepp_shift1\assets\question_crops\2019_tier1_prepp_shift1_p21_q074_question.png,C:\experiments\ssc\extraction_batch\tier1_gemini\2019_tier1_prepp_shift1\assets\question_crops\2019_tier1_prepp_shift1_p21_q074_opt_1_option.png;C:\experiments\ssc\extraction_batch\tier1_gemini\2019_tier1_prepp_shift1\assets\question_crops\2019_tier1_prepp_shift1_p21_q074_opt_2_option.png;C:\experiments\ssc\extraction_batch\tier1_gemini\2019_tier1_prepp_shift1\assets\question_crops\2019_tier1_prepp_shift1_p21_q074_opt_3_option.png;C:\experiments\ssc\extraction_batch\tier1_gemini\2019_tier1_prepp_shift1\assets\question_crops\2019_tier1_prepp_shift1_p21_q074_opt_4_option.png,1:0.00063;2:0.00000;3:0.01235;4:0.00000,"A, B and C are three points on a circle such that the angles subtended by the chord AB and AC at the centre O are 110° and 130°, respectively. Then the value of ∠BAC is:"
75,21,25,text_only,3,3,3,PASS_WITH_EVIDENCE,rgb_hsv_option_crop,same_auto_accepted,,3,C:\experiments\ssc\extraction_batch\tier1_gemini\2019_tier1_prepp_shift1\assets\question_crops\2019_tier1_prepp_shift1_p21_q075_question.png,C:\experiments\ssc\extraction_batch\tier1_gemini\2019_tier1_prepp_shift1\assets\question_crops\2019_tier1_prepp_shift1_p21_q075_opt_1_option.png;C:\experiments\ssc\extraction_batch\tier1_gemini\2019_tier1_prepp_shift1\assets\question_crops\2019_tier1_prepp_shift1_p21_q075_opt_2_option.png;C:\experiments\ssc\extraction_batch\tier1_gemini\2019_tier1_prepp_shift1\assets\question_crops\2019_tier1_prepp_shift1_p21_q075_opt_3_option.png;C:\experiments\ssc\extraction_batch\tier1_gemini\2019_tier1_prepp_shift1\assets\question_crops\2019_tier1_prepp_shift1_p21_q075_opt_4_option.png,1:0.00162;2:0.00000;3:0.00874;4:0.00000,"A, B and C can individually complete a piece of work in 24 days, 15 days and 12 days, respectively. B and C started the work and worked for 3 days and left. The number of days requ"
76,21,1,text_only,1,1,1,PASS_WITH_EVIDENCE,rgb_hsv_option_crop,same_auto_accepted,,3,C:\experiments\ssc\extraction_batch\tier1_gemini\2019_tier1_prepp_shift1\assets\question_crops\2019_tier1_prepp_shift1_p21_q076_question.png,C:\experiments\ssc\extraction_batch\tier1_gemini\2019_tier1_prepp_shift1\assets\question_crops\2019_tier1_prepp_shift1_p21_q076_opt_1_option.png;C:\experiments\ssc\extraction_batch\tier1_gemini\2019_tier1_prepp_shift1\assets\question_crops\2019_tier1_prepp_shift1_p21_q076_opt_2_option.png;C:\experiments\ssc\extraction_batch\tier1_gemini\2019_tier1_prepp_shift1\assets\question_crops\2019_tier1_prepp_shift1_p21_q076_opt_3_option.png;C:\experiments\ssc\extraction_batch\tier1_gemini\2019_tier1_prepp_shift1\assets\question_crops\2019_tier1_prepp_shift1_p21_q076_opt_4_option.png,1:0.01581;2:0.00000;3:0.00000;4:0.00000,Fill in the blank with the most appropriate word. We must ________ help to the homeless and physically disabled people.
77,21,2,table_di,3,3,3,PASS_WITH_EVIDENCE,rgb_hsv_option_crop,same_auto_accepted,,3,C:\experiments\ssc\extraction_batch\tier1_gemini\2019_tier1_prepp_shift1\assets\question_crops\2019_tier1_prepp_shift1_p21_q077_question.png,C:\experiments\ssc\extraction_batch\tier1_gemini\2019_tier1_prepp_shift1\assets\question_crops\2019_tier1_prepp_shift1_p21_q077_opt_1_option.png;C:\experiments\ssc\extraction_batch\tier1_gemini\2019_tier1_prepp_shift1\assets\question_crops\2019_tier1_prepp_shift1_p21_q077_opt_2_option.png;C:\experiments\ssc\extraction_batch\tier1_gemini\2019_tier1_prepp_shift1\assets\question_crops\2019_tier1_prepp_shift1_p21_q077_opt_3_option.png;C:\experiments\ssc\extraction_batch\tier1_gemini\2019_tier1_prepp_shift1\assets\question_crops\2019_tier1_prepp_shift1_p21_q077_opt_4_option.png,1:0.00000;2:0.00000;3:0.02205;4:0.00000,"Given below are four jumbled sentences. Select the option that gives their correct order A. However, the rate of population increase is another important factor to consider. B. Thi"
78,22,3,text_only,3,3,3,PASS_WITH_EVIDENCE,rgb_hsv_option_crop,same_auto_accepted,,3,C:\experiments\ssc\extraction_batch\tier1_gemini\2019_tier1_prepp_shift1\assets\question_crops\2019_tier1_prepp_shift1_p22_q078_question.png,C:\experiments\ssc\extraction_batch\tier1_gemini\2019_tier1_prepp_shift1\assets\question_crops\2019_tier1_prepp_shift1_p22_q078_opt_1_option.png;C:\experiments\ssc\extraction_batch\tier1_gemini\2019_tier1_prepp_shift1\assets\question_crops\2019_tier1_prepp_shift1_p22_q078_opt_2_option.png;C:\experiments\ssc\extraction_batch\tier1_gemini\2019_tier1_prepp_shift1\assets\question_crops\2019_tier1_prepp_shift1_p22_q078_opt_3_option.png;C:\experiments\ssc\extraction_batch\tier1_gemini\2019_tier1_prepp_shift1\assets\question_crops\2019_tier1_prepp_shift1_p22_q078_opt_4_option.png,1:0.00000;2:0.00000;3:0.06396;4:0.00000,Select the passive form of the given sentence. The manager keeps the work pending.
79,22,4,text_only,1,1,1,PASS_WITH_EVIDENCE,rgb_hsv_option_crop,same_auto_accepted,,1,C:\experiments\ssc\extraction_batch\tier1_gemini\2019_tier1_prepp_shift1\assets\question_crops\2019_tier1_prepp_shift1_p22_q079_question.png,C:\experiments\ssc\extraction_batch\tier1_gemini\2019_tier1_prepp_shift1\assets\question_crops\2019_tier1_prepp_shift1_p22_q079_opt_1_option.png;C:\experiments\ssc\extraction_batch\tier1_gemini\2019_tier1_prepp_shift1\assets\question_crops\2019_tier1_prepp_shift1_p22_q079_opt_2_option.png;C:\experiments\ssc\extraction_batch\tier1_gemini\2019_tier1_prepp_shift1\assets\question_crops\2019_tier1_prepp_shift1_p22_q079_opt_3_option.png;C:\experiments\ssc\extraction_batch\tier1_gemini\2019_tier1_prepp_shift1\assets\question_crops\2019_tier1_prepp_shift1_p22_q079_opt_4_option.png,1:0.02857;2:0.00000;3:0.00000;4:0.00000,In the sentence identify the segment which contains the grammatical error. One of the boys from our school have been selected for National Badminton Championship.
80,22,5,text_only,1,1,1,PASS_WITH_EVIDENCE,rgb_hsv_option_crop,same_auto_accepted,,1,C:\experiments\ssc\extraction_batch\tier1_gemini\2019_tier1_prepp_shift1\assets\question_crops\2019_tier1_prepp_shift1_p22_q080_question.png,C:\experiments\ssc\extraction_batch\tier1_gemini\2019_tier1_prepp_shift1\assets\question_crops\2019_tier1_prepp_shift1_p22_q080_opt_1_option.png;C:\experiments\ssc\extraction_batch\tier1_gemini\2019_tier1_prepp_shift1\assets\question_crops\2019_tier1_prepp_shift1_p22_q080_opt_2_option.png;C:\experiments\ssc\extraction_batch\tier1_gemini\2019_tier1_prepp_shift1\assets\question_crops\2019_tier1_prepp_shift1_p22_q080_opt_3_option.png;C:\experiments\ssc\extraction_batch\tier1_gemini\2019_tier1_prepp_shift1\assets\question_crops\2019_tier1_prepp_shift1_p22_q080_opt_4_option.png,1:0.02036;2:0.00000;3:0.00000;4:0.00000,Select the correct synonym of the given word. Obligatory
81,22,6,text_only,4,4,4,PASS_WITH_EVIDENCE,rgb_hsv_option_crop,same_auto_accepted,,4,C:\experiments\ssc\extraction_batch\tier1_gemini\2019_tier1_prepp_shift1\assets\question_crops\2019_tier1_prepp_shift1_p22_q081_question.png,C:\experiments\ssc\extraction_batch\tier1_gemini\2019_tier1_prepp_shift1\assets\question_crops\2019_tier1_prepp_shift1_p22_q081_opt_1_option.png;C:\experiments\ssc\extraction_batch\tier1_gemini\2019_tier1_prepp_shift1\assets\question_crops\2019_tier1_prepp_shift1_p22_q081_opt_2_option.png;C:\experiments\ssc\extraction_batch\tier1_gemini\2019_tier1_prepp_shift1\assets\question_crops\2019_tier1_prepp_shift1_p22_q081_opt_3_option.png;C:\experiments\ssc\extraction_batch\tier1_gemini\2019_tier1_prepp_shift1\assets\question_crops\2019_tier1_prepp_shift1_p22_q081_opt_4_option.png,1:0.00000;2:0.00000;3:0.00000;4:0.02616,"Select the most appropriate option to substitute the underlined segment in the given sentence. If no substitution is required, select No improvement The Director will agree with th"
82,23,7,text_only,2,2,2,PASS_WITH_EVIDENCE,rgb_hsv_option_crop,same_auto_accepted,,2,C:\experiments\ssc\extraction_batch\tier1_gemini\2019_tier1_prepp_shift1\assets\question_crops\2019_tier1_prepp_shift1_p23_q082_question.png,C:\experiments\ssc\extraction_batch\tier1_gemini\2019_tier1_prepp_shift1\assets\question_crops\2019_tier1_prepp_shift1_p23_q082_opt_1_option.png;C:\experiments\ssc\extraction_batch\tier1_gemini\2019_tier1_prepp_shift1\assets\question_crops\2019_tier1_prepp_shift1_p23_q082_opt_2_option.png;C:\experiments\ssc\extraction_batch\tier1_gemini\2019_tier1_prepp_shift1\assets\question_crops\2019_tier1_prepp_shift1_p23_q082_opt_3_option.png;C:\experiments\ssc\extraction_batch\tier1_gemini\2019_tier1_prepp_shift1\assets\question_crops\2019_tier1_prepp_shift1_p23_q082_opt_4_option.png,1:0.00000;2:0.01820;3:0.00000;4:0.00000,Select the most appropriate option for blank No. 1
83,23,8,math_formula,4,4,4,PASS_WITH_EVIDENCE,rgb_hsv_option_crop,same_auto_accepted,,4,C:\experiments\ssc\extraction_batch\tier1_gemini\2019_tier1_prepp_shift1\assets\question_crops\2019_tier1_prepp_shift1_p23_q083_question.png,C:\experiments\ssc\extraction_batch\tier1_gemini\2019_tier1_prepp_shift1\assets\question_crops\2019_tier1_prepp_shift1_p23_q083_opt_1_option.png;C:\experiments\ssc\extraction_batch\tier1_gemini\2019_tier1_prepp_shift1\assets\question_crops\2019_tier1_prepp_shift1_p23_q083_opt_2_option.png;C:\experiments\ssc\extraction_batch\tier1_gemini\2019_tier1_prepp_shift1\assets\question_crops\2019_tier1_prepp_shift1_p23_q083_opt_3_option.png;C:\experiments\ssc\extraction_batch\tier1_gemini\2019_tier1_prepp_shift1\assets\question_crops\2019_tier1_prepp_shift1_p23_q083_opt_4_option.png,1:0.00000;2:0.00000;3:0.00000;4:0.01661,Select the most appropriate option for blank No. 2
84,23,9,text_only,3,3,3,PASS_WITH_EVIDENCE,rgb_hsv_option_crop,same_auto_accepted,,3,C:\experiments\ssc\extraction_batch\tier1_gemini\2019_tier1_prepp_shift1\assets\question_crops\2019_tier1_prepp_shift1_p23_q084_question.png,C:\experiments\ssc\extraction_batch\tier1_gemini\2019_tier1_prepp_shift1\assets\question_crops\2019_tier1_prepp_shift1_p23_q084_opt_1_option.png;C:\experiments\ssc\extraction_batch\tier1_gemini\2019_tier1_prepp_shift1\assets\question_crops\2019_tier1_prepp_shift1_p23_q084_opt_2_option.png;C:\experiments\ssc\extraction_batch\tier1_gemini\2019_tier1_prepp_shift1\assets\question_crops\2019_tier1_prepp_shift1_p23_q084_opt_3_option.png;C:\experiments\ssc\extraction_batch\tier1_gemini\2019_tier1_prepp_shift1\assets\question_crops\2019_tier1_prepp_shift1_p23_q084_opt_4_option.png,1:0.00000;2:0.00000;3:0.02093;4:0.00000,Select the most appropriate option for blank No. 3
85,24,10,text_only,1,1,1,PASS_WITH_EVIDENCE,rgb_hsv_option_crop,same_auto_accepted,,1,C:\experiments\ssc\extraction_batch\tier1_gemini\2019_tier1_prepp_shift1\assets\question_crops\2019_tier1_prepp_shift1_p24_q085_question.png,C:\experiments\ssc\extraction_batch\tier1_gemini\2019_tier1_prepp_shift1\assets\question_crops\2019_tier1_prepp_shift1_p24_q085_opt_1_option.png;C:\experiments\ssc\extraction_batch\tier1_gemini\2019_tier1_prepp_shift1\assets\question_crops\2019_tier1_prepp_shift1_p24_q085_opt_2_option.png;C:\experiments\ssc\extraction_batch\tier1_gemini\2019_tier1_prepp_shift1\assets\question_crops\2019_tier1_prepp_shift1_p24_q085_opt_3_option.png;C:\experiments\ssc\extraction_batch\tier1_gemini\2019_tier1_prepp_shift1\assets\question_crops\2019_tier1_prepp_shift1_p24_q085_opt_4_option.png,1:0.01155;2:0.00000;3:0.00000;4:0.00000,Select the most appropriate option for blank No. 4
86,24,11,text_only,3,3,3,PASS_WITH_EVIDENCE,rgb_hsv_option_crop,same_auto_accepted,,3,C:\experiments\ssc\extraction_batch\tier1_gemini\2019_tier1_prepp_shift1\assets\question_crops\2019_tier1_prepp_shift1_p24_q086_question.png,C:\experiments\ssc\extraction_batch\tier1_gemini\2019_tier1_prepp_shift1\assets\question_crops\2019_tier1_prepp_shift1_p24_q086_opt_1_option.png;C:\experiments\ssc\extraction_batch\tier1_gemini\2019_tier1_prepp_shift1\assets\question_crops\2019_tier1_prepp_shift1_p24_q086_opt_2_option.png;C:\experiments\ssc\extraction_batch\tier1_gemini\2019_tier1_prepp_shift1\assets\question_crops\2019_tier1_prepp_shift1_p24_q086_opt_3_option.png;C:\experiments\ssc\extraction_batch\tier1_gemini\2019_tier1_prepp_shift1\assets\question_crops\2019_tier1_prepp_shift1_p24_q086_opt_4_option.png,1:0.00000;2:0.00000;3:0.02478;4:0.00000,Select the most appropriate option for blank No. 5
87,24,12,text_only,2,2,2,PASS_WITH_EVIDENCE,rgb_hsv_option_crop,same_auto_accepted,,2,C:\experiments\ssc\extraction_batch\tier1_gemini\2019_tier1_prepp_shift1\assets\question_crops\2019_tier1_prepp_shift1_p24_q087_question.png,C:\experiments\ssc\extraction_batch\tier1_gemini\2019_tier1_prepp_shift1\assets\question_crops\2019_tier1_prepp_shift1_p24_q087_opt_1_option.png;C:\experiments\ssc\extraction_batch\tier1_gemini\2019_tier1_prepp_shift1\assets\question_crops\2019_tier1_prepp_shift1_p24_q087_opt_2_option.png;C:\experiments\ssc\extraction_batch\tier1_gemini\2019_tier1_prepp_shift1\assets\question_crops\2019_tier1_prepp_shift1_p24_q087_opt_3_option.png;C:\experiments\ssc\extraction_batch\tier1_gemini\2019_tier1_prepp_shift1\assets\question_crops\2019_tier1_prepp_shift1_p24_q087_opt_4_option.png,1:0.00000;2:0.02498;3:0.00000;4:0.00000,Select the correct synonym of the given word. Scintillating
88,25,13,text_only,3,3,3,PASS_WITH_EVIDENCE,rgb_hsv_option_crop,same_auto_accepted,,3,C:\experiments\ssc\extraction_batch\tier1_gemini\2019_tier1_prepp_shift1\assets\question_crops\2019_tier1_prepp_shift1_p25_q088_question.png,C:\experiments\ssc\extraction_batch\tier1_gemini\2019_tier1_prepp_shift1\assets\question_crops\2019_tier1_prepp_shift1_p25_q088_opt_1_option.png;C:\experiments\ssc\extraction_batch\tier1_gemini\2019_tier1_prepp_shift1\assets\question_crops\2019_tier1_prepp_shift1_p25_q088_opt_2_option.png;C:\experiments\ssc\extraction_batch\tier1_gemini\2019_tier1_prepp_shift1\assets\question_crops\2019_tier1_prepp_shift1_p25_q088_opt_3_option.png;C:\experiments\ssc\extraction_batch\tier1_gemini\2019_tier1_prepp_shift1\assets\question_crops\2019_tier1_prepp_shift1_p25_q088_opt_4_option.png,1:0.00000;2:0.00000;3:0.02474;4:0.00000,"Select the word, which means the same as the given group of words. Something that cannot be heard"
89,25,14,text_only,2,2,2,PASS_WITH_EVIDENCE,rgb_hsv_option_crop,same_auto_accepted,,4,C:\experiments\ssc\extraction_batch\tier1_gemini\2019_tier1_prepp_shift1\assets\question_crops\2019_tier1_prepp_shift1_p25_q089_question.png,C:\experiments\ssc\extraction_batch\tier1_gemini\2019_tier1_prepp_shift1\assets\question_crops\2019_tier1_prepp_shift1_p25_q089_opt_1_option.png;C:\experiments\ssc\extraction_batch\tier1_gemini\2019_tier1_prepp_shift1\assets\question_crops\2019_tier1_prepp_shift1_p25_q089_opt_2_option.png;C:\experiments\ssc\extraction_batch\tier1_gemini\2019_tier1_prepp_shift1\assets\question_crops\2019_tier1_prepp_shift1_p25_q089_opt_3_option.png;C:\experiments\ssc\extraction_batch\tier1_gemini\2019_tier1_prepp_shift1\assets\question_crops\2019_tier1_prepp_shift1_p25_q089_opt_4_option.png,1:0.00000;2:0.05922;3:0.00000;4:0.00000,"Select the most appropriate option to substitute the underlined segment in the given sentence. If no substitution is required, select No improvement The captain as well the players"
90,25,15,text_only,4,4,4,PASS_WITH_EVIDENCE,rgb_hsv_option_crop,same_auto_accepted,,4,C:\experiments\ssc\extraction_batch\tier1_gemini\2019_tier1_prepp_shift1\assets\question_crops\2019_tier1_prepp_shift1_p25_q090_question.png,C:\experiments\ssc\extraction_batch\tier1_gemini\2019_tier1_prepp_shift1\assets\question_crops\2019_tier1_prepp_shift1_p25_q090_opt_1_option.png;C:\experiments\ssc\extraction_batch\tier1_gemini\2019_tier1_prepp_shift1\assets\question_crops\2019_tier1_prepp_shift1_p25_q090_opt_2_option.png;C:\experiments\ssc\extraction_batch\tier1_gemini\2019_tier1_prepp_shift1\assets\question_crops\2019_tier1_prepp_shift1_p25_q090_opt_3_option.png;C:\experiments\ssc\extraction_batch\tier1_gemini\2019_tier1_prepp_shift1\assets\question_crops\2019_tier1_prepp_shift1_p25_q090_opt_4_option.png,1:0.00000;2:0.00000;3:0.00000;4:0.03080,Select the appropriate meaning of the given idiom. To take French leave
91,25,16,text_only,3,3,3,PASS_WITH_EVIDENCE,rgb_hsv_option_crop,same_auto_accepted,,3,C:\experiments\ssc\extraction_batch\tier1_gemini\2019_tier1_prepp_shift1\assets\question_crops\2019_tier1_prepp_shift1_p25_q091_question.png,C:\experiments\ssc\extraction_batch\tier1_gemini\2019_tier1_prepp_shift1\assets\question_crops\2019_tier1_prepp_shift1_p25_q091_opt_1_option.png;C:\experiments\ssc\extraction_batch\tier1_gemini\2019_tier1_prepp_shift1\assets\question_crops\2019_tier1_prepp_shift1_p25_q091_opt_2_option.png;C:\experiments\ssc\extraction_batch\tier1_gemini\2019_tier1_prepp_shift1\assets\question_crops\2019_tier1_prepp_shift1_p25_q091_opt_3_option.png;C:\experiments\ssc\extraction_batch\tier1_gemini\2019_tier1_prepp_shift1\assets\question_crops\2019_tier1_prepp_shift1_p25_q091_opt_4_option.png,1:0.00000;2:0.00000;3:0.02161;4:0.00000,"Given below are four jumbled sentences. Select the option that gives their correct order A. However, they ignore the truth that progress and success are proportional to the labor t"
92,26,17,text_only,2,2,2,PASS_WITH_EVIDENCE,rgb_hsv_option_crop,same_auto_accepted,,1,C:\experiments\ssc\extraction_batch\tier1_gemini\2019_tier1_prepp_shift1\assets\question_crops\2019_tier1_prepp_shift1_p26_q092_question.png,C:\experiments\ssc\extraction_batch\tier1_gemini\2019_tier1_prepp_shift1\assets\question_crops\2019_tier1_prepp_shift1_p26_q092_opt_1_option.png;C:\experiments\ssc\extraction_batch\tier1_gemini\2019_tier1_prepp_shift1\assets\question_crops\2019_tier1_prepp_shift1_p26_q092_opt_2_option.png;C:\experiments\ssc\extraction_batch\tier1_gemini\2019_tier1_prepp_shift1\assets\question_crops\2019_tier1_prepp_shift1_p26_q092_opt_3_option.png;C:\experiments\ssc\extraction_batch\tier1_gemini\2019_tier1_prepp_shift1\assets\question_crops\2019_tier1_prepp_shift1_p26_q092_opt_4_option.png,1:0.00000;2:0.02008;3:0.00000;4:0.00000,"Select the word, which means the same as the groups of words given. A song sung at a burial"
93,26,18,text_only,2,2,2,PASS_WITH_EVIDENCE,rgb_hsv_option_crop,same_auto_accepted,,2,C:\experiments\ssc\extraction_batch\tier1_gemini\2019_tier1_prepp_shift1\assets\question_crops\2019_tier1_prepp_shift1_p26_q093_question.png,C:\experiments\ssc\extraction_batch\tier1_gemini\2019_tier1_prepp_shift1\assets\question_crops\2019_tier1_prepp_shift1_p26_q093_opt_1_option.png;C:\experiments\ssc\extraction_batch\tier1_gemini\2019_tier1_prepp_shift1\assets\question_crops\2019_tier1_prepp_shift1_p26_q093_opt_2_option.png;C:\experiments\ssc\extraction_batch\tier1_gemini\2019_tier1_prepp_shift1\assets\question_crops\2019_tier1_prepp_shift1_p26_q093_opt_3_option.png;C:\experiments\ssc\extraction_batch\tier1_gemini\2019_tier1_prepp_shift1\assets\question_crops\2019_tier1_prepp_shift1_p26_q093_opt_4_option.png,1:0.00000;2:0.03567;3:0.00000;4:0.00000,Select the appropriate meaning of the given idiom. A hard nut to crack
94,26,19,table_di,3,3,3,PASS_WITH_EVIDENCE,rgb_hsv_option_crop,same_auto_accepted,,3,C:\experiments\ssc\extraction_batch\tier1_gemini\2019_tier1_prepp_shift1\assets\question_crops\2019_tier1_prepp_shift1_p26_q094_question.png,C:\experiments\ssc\extraction_batch\tier1_gemini\2019_tier1_prepp_shift1\assets\question_crops\2019_tier1_prepp_shift1_p26_q094_opt_1_option.png;C:\experiments\ssc\extraction_batch\tier1_gemini\2019_tier1_prepp_shift1\assets\question_crops\2019_tier1_prepp_shift1_p26_q094_opt_2_option.png;C:\experiments\ssc\extraction_batch\tier1_gemini\2019_tier1_prepp_shift1\assets\question_crops\2019_tier1_prepp_shift1_p26_q094_opt_3_option.png;C:\experiments\ssc\extraction_batch\tier1_gemini\2019_tier1_prepp_shift1\assets\question_crops\2019_tier1_prepp_shift1_p26_q094_opt_4_option.png,1:0.00000;2:0.00000;3:0.02224;4:0.00000,Fill in the blank with the most appropriate word. Handle this glass table with care because it is ______.
95,26,20,text_only,3,3,3,PASS_WITH_EVIDENCE,rgb_hsv_option_crop,same_auto_accepted,,3,C:\experiments\ssc\extraction_batch\tier1_gemini\2019_tier1_prepp_shift1\assets\question_crops\2019_tier1_prepp_shift1_p26_q095_question.png,C:\experiments\ssc\extraction_batch\tier1_gemini\2019_tier1_prepp_shift1\assets\question_crops\2019_tier1_prepp_shift1_p26_q095_opt_1_option.png;C:\experiments\ssc\extraction_batch\tier1_gemini\2019_tier1_prepp_shift1\assets\question_crops\2019_tier1_prepp_shift1_p26_q095_opt_2_option.png;C:\experiments\ssc\extraction_batch\tier1_gemini\2019_tier1_prepp_shift1\assets\question_crops\2019_tier1_prepp_shift1_p26_q095_opt_3_option.png;C:\experiments\ssc\extraction_batch\tier1_gemini\2019_tier1_prepp_shift1\assets\question_crops\2019_tier1_prepp_shift1_p26_q095_opt_4_option.png,1:0.00000;2:0.00000;3:0.02542;4:0.00000,Select the correctly spelt word.
96,27,21,math_formula,4,4,4,PASS_WITH_EVIDENCE,rgb_hsv_option_crop,same_auto_accepted,,3,C:\experiments\ssc\extraction_batch\tier1_gemini\2019_tier1_prepp_shift1\assets\question_crops\2019_tier1_prepp_shift1_p27_q096_question.png,C:\experiments\ssc\extraction_batch\tier1_gemini\2019_tier1_prepp_shift1\assets\question_crops\2019_tier1_prepp_shift1_p27_q096_opt_1_option.png;C:\experiments\ssc\extraction_batch\tier1_gemini\2019_tier1_prepp_shift1\assets\question_crops\2019_tier1_prepp_shift1_p27_q096_opt_2_option.png;C:\experiments\ssc\extraction_batch\tier1_gemini\2019_tier1_prepp_shift1\assets\question_crops\2019_tier1_prepp_shift1_p27_q096_opt_3_option.png;C:\experiments\ssc\extraction_batch\tier1_gemini\2019_tier1_prepp_shift1\assets\question_crops\2019_tier1_prepp_shift1_p27_q096_opt_4_option.png,1:0.00000;2:0.00000;3:0.00000;4:0.06258,"Select the indirect narration of the given sentence. He said to the hotel receptionist, “Can you tell me the tariff of rooms?"
97,27,22,text_only,1,1,1,PASS_WITH_EVIDENCE,rgb_hsv_option_crop,same_auto_accepted,,1,C:\experiments\ssc\extraction_batch\tier1_gemini\2019_tier1_prepp_shift1\assets\question_crops\2019_tier1_prepp_shift1_p27_q097_question.png,C:\experiments\ssc\extraction_batch\tier1_gemini\2019_tier1_prepp_shift1\assets\question_crops\2019_tier1_prepp_shift1_p27_q097_opt_1_option.png;C:\experiments\ssc\extraction_batch\tier1_gemini\2019_tier1_prepp_shift1\assets\question_crops\2019_tier1_prepp_shift1_p27_q097_opt_2_option.png;C:\experiments\ssc\extraction_batch\tier1_gemini\2019_tier1_prepp_shift1\assets\question_crops\2019_tier1_prepp_shift1_p27_q097_opt_3_option.png;C:\experiments\ssc\extraction_batch\tier1_gemini\2019_tier1_prepp_shift1\assets\question_crops\2019_tier1_prepp_shift1_p27_q097_opt_4_option.png,1:0.01823;2:0.00000;3:0.00000;4:0.00000,In the sentence identify the segment which contains the grammatical error. I can swim very fast when I was only five.
98,27,23,text_only,1,1,1,PASS_WITH_EVIDENCE,rgb_hsv_option_crop,same_auto_accepted,,1,C:\experiments\ssc\extraction_batch\tier1_gemini\2019_tier1_prepp_shift1\assets\question_crops\2019_tier1_prepp_shift1_p27_q098_question.png,C:\experiments\ssc\extraction_batch\tier1_gemini\2019_tier1_prepp_shift1\assets\question_crops\2019_tier1_prepp_shift1_p27_q098_opt_1_option.png;C:\experiments\ssc\extraction_batch\tier1_gemini\2019_tier1_prepp_shift1\assets\question_crops\2019_tier1_prepp_shift1_p27_q098_opt_2_option.png;C:\experiments\ssc\extraction_batch\tier1_gemini\2019_tier1_prepp_shift1\assets\question_crops\2019_tier1_prepp_shift1_p27_q098_opt_3_option.png;C:\experiments\ssc\extraction_batch\tier1_gemini\2019_tier1_prepp_shift1\assets\question_crops\2019_tier1_prepp_shift1_p27_q098_opt_4_option.png,1:0.01545;2:0.00000;3:0.00000;4:0.00000,Select the correctly spelt word.
99,27,24,text_only,4,4,4,PASS_WITH_EVIDENCE,rgb_hsv_option_crop,same_auto_accepted,,4,C:\experiments\ssc\extraction_batch\tier1_gemini\2019_tier1_prepp_shift1\assets\question_crops\2019_tier1_prepp_shift1_p27_q099_question.png,C:\experiments\ssc\extraction_batch\tier1_gemini\2019_tier1_prepp_shift1\assets\question_crops\2019_tier1_prepp_shift1_p27_q099_opt_1_option.png;C:\experiments\ssc\extraction_batch\tier1_gemini\2019_tier1_prepp_shift1\assets\question_crops\2019_tier1_prepp_shift1_p27_q099_opt_2_option.png;C:\experiments\ssc\extraction_batch\tier1_gemini\2019_tier1_prepp_shift1\assets\question_crops\2019_tier1_prepp_shift1_p27_q099_opt_3_option.png;C:\experiments\ssc\extraction_batch\tier1_gemini\2019_tier1_prepp_shift1\assets\question_crops\2019_tier1_prepp_shift1_p27_q099_opt_4_option.png,1:0.00000;2:0.00000;3:0.00000;4:0.01321,Select the correct antonym of the given word. Exodus
100,28,25,text_only,4,4,4,PASS_WITH_EVIDENCE,rgb_hsv_option_crop,same_auto_accepted,,,C:\experiments\ssc\extraction_batch\tier1_gemini\2019_tier1_prepp_shift1\assets\question_crops\2019_tier1_prepp_shift1_p28_q100_question.png,C:\experiments\ssc\extraction_batch\tier1_gemini\2019_tier1_prepp_shift1\assets\question_crops\2019_tier1_prepp_shift1_p28_q100_opt_1_option.png;C:\experiments\ssc\extraction_batch\tier1_gemini\2019_tier1_prepp_shift1\assets\question_crops\2019_tier1_prepp_shift1_p28_q100_opt_2_option.png;C:\experiments\ssc\extraction_batch\tier1_gemini\2019_tier1_prepp_shift1\assets\question_crops\2019_tier1_prepp_shift1_p28_q100_opt_3_option.png;C:\experiments\ssc\extraction_batch\tier1_gemini\2019_tier1_prepp_shift1\assets\question_crops\2019_tier1_prepp_shift1_p28_q100_opt_4_option.png,1:0.00000;2:0.00000;3:0.00000;4:0.01397,Select the correct antonym of the given word. Quiescent
